<annotation>
	<folder>VOC2007</folder>
	<filename>000344.jpg</filename>
	<source>
		<database>The VOC2007 Database</database>
		<annotation>PASCAL VOC2007</annotation>
		<image>flickr</image>
		<flickrid>336606631</flickrid>
	</source>
	<owner>
		<flickrid>le_sloth</flickrid>
		<name>Mr Sloth</name>
	</owner>
	<size>
		<width>375</width>
		<height>500</height>
		<depth>3</depth>
	</size>
	<segmented>0</segmented>
	<object>
		<name>bottle</name>
		<pose>Unspecified</pose>
		<truncated>0</truncated>
		<difficult>0</difficult>
		<bndbox>
			<xmin>89</xmin>
			<ymin>2</ymin>
			<xmax>307</xmax>
			<ymax>441</ymax>
		</bndbox>
	</object>
</annotation>
