<annotation>
	<folder>VOC2007</folder>
	<filename>000581.jpg</filename>
	<source>
		<database>The VOC2007 Database</database>
		<annotation>PASCAL VOC2007</annotation>
		<image>flickr</image>
		<flickrid>327681270</flickrid>
	</source>
	<owner>
		<flickrid>MacClure</flickrid>
		<name>Shane MacClure</name>
	</owner>
	<size>
		<width>500</width>
		<height>332</height>
		<depth>3</depth>
	</size>
	<segmented>0</segmented>
	<object>
		<name>sheep</name>
		<pose>Right</pose>
		<truncated>0</truncated>
		<difficult>0</difficult>
		<bndbox>
			<xmin>140</xmin>
			<ymin>184</ymin>
			<xmax>272</xmax>
			<ymax>292</ymax>
		</bndbox>
	</object>
</annotation>
