<annotation>
	<folder>VOC2007</folder>
	<filename>000608.jpg</filename>
	<source>
		<database>The VOC2007 Database</database>
		<annotation>PASCAL VOC2007</annotation>
		<image>flickr</image>
		<flickrid>305565248</flickrid>
	</source>
	<owner>
		<flickrid>Yley Coyote</flickrid>
		<name>Jessica M.</name>
	</owner>
	<size>
		<width>500</width>
		<height>375</height>
		<depth>3</depth>
	</size>
	<segmented>0</segmented>
	<object>
		<name>boat</name>
		<pose>Left</pose>
		<truncated>0</truncated>
		<difficult>0</difficult>
		<bndbox>
			<xmin>139</xmin>
			<ymin>14</ymin>
			<xmax>220</xmax>
			<ymax>142</ymax>
		</bndbox>
	</object>
	<object>
		<name>boat</name>
		<pose>Right</pose>
		<truncated>0</truncated>
		<difficult>0</difficult>
		<bndbox>
			<xmin>12</xmin>
			<ymin>110</ymin>
			<xmax>420</xmax>
			<ymax>286</ymax>
		</bndbox>
	</object>
</annotation>
