<annotation>
	<folder>VOC2007</folder>
	<filename>000782.jpg</filename>
	<source>
		<database>The VOC2007 Database</database>
		<annotation>PASCAL VOC2007</annotation>
		<image>flickr</image>
		<flickrid>318938532</flickrid>
	</source>
	<owner>
		<flickrid>Steve Lippitt</flickrid>
		<name>Steven Lippitt</name>
	</owner>
	<size>
		<width>330</width>
		<height>500</height>
		<depth>3</depth>
	</size>
	<segmented>0</segmented>
	<object>
		<name>bus</name>
		<pose>Unspecified</pose>
		<truncated>1</truncated>
		<difficult>0</difficult>
		<bndbox>
			<xmin>1</xmin>
			<ymin>165</ymin>
			<xmax>330</xmax>
			<ymax>497</ymax>
		</bndbox>
	</object>
	<object>
		<name>person</name>
		<pose>Frontal</pose>
		<truncated>1</truncated>
		<difficult>0</difficult>
		<bndbox>
			<xmin>95</xmin>
			<ymin>361</ymin>
			<xmax>139</xmax>
			<ymax>422</ymax>
		</bndbox>
	</object>
</annotation>
