<annotation>
	<folder>VOC2007</folder>
	<filename>000768.jpg</filename>
	<source>
		<database>The VOC2007 Database</database>
		<annotation>PASCAL VOC2007</annotation>
		<image>flickr</image>
		<flickrid>331724661</flickrid>
	</source>
	<owner>
		<flickrid>Baliwag boy</flickrid>
		<name>jojo puno</name>
	</owner>
	<size>
		<width>500</width>
		<height>375</height>
		<depth>3</depth>
	</size>
	<segmented>1</segmented>
	<object>
		<name>bus</name>
		<pose>Unspecified</pose>
		<truncated>1</truncated>
		<difficult>0</difficult>
		<bndbox>
			<xmin>369</xmin>
			<ymin>103</ymin>
			<xmax>475</xmax>
			<ymax>283</ymax>
		</bndbox>
	</object>
	<object>
		<name>bus</name>
		<pose>Unspecified</pose>
		<truncated>0</truncated>
		<difficult>0</difficult>
		<bndbox>
			<xmin>33</xmin>
			<ymin>46</ymin>
			<xmax>369</xmax>
			<ymax>330</ymax>
		</bndbox>
	</object>
</annotation>
