<annotation>
	<folder>VOC2007</folder>
	<filename>000999.jpg</filename>
	<source>
		<database>The VOC2007 Database</database>
		<annotation>PASCAL VOC2007</annotation>
		<image>flickr</image>
		<flickrid>334609785</flickrid>
	</source>
	<owner>
		<flickrid>dale5446</flickrid>
		<name>Dale Peeples</name>
	</owner>
	<size>
		<width>375</width>
		<height>500</height>
		<depth>3</depth>
	</size>
	<segmented>1</segmented>
	<object>
		<name>bottle</name>
		<pose>Unspecified</pose>
		<truncated>1</truncated>
		<difficult>0</difficult>
		<bndbox>
			<xmin>233</xmin>
			<ymin>317</ymin>
			<xmax>289</xmax>
			<ymax>405</ymax>
		</bndbox>
	</object>
	<object>
		<name>person</name>
		<pose>Unspecified</pose>
		<truncated>1</truncated>
		<difficult>0</difficult>
		<bndbox>
			<xmin>2</xmin>
			<ymin>16</ymin>
			<xmax>280</xmax>
			<ymax>500</ymax>
		</bndbox>
	</object>
</annotation>
