<annotation>
	<folder>VOC2007</folder>
	<filename>001072.jpg</filename>
	<source>
		<database>The VOC2007 Database</database>
		<annotation>PASCAL VOC2007</annotation>
		<image>flickr</image>
		<flickrid>312788270</flickrid>
	</source>
	<owner>
		<flickrid>smartovski</flickrid>
		<name>Jason</name>
	</owner>
	<size>
		<width>500</width>
		<height>386</height>
		<depth>3</depth>
	</size>
	<segmented>0</segmented>
	<object>
		<name>sofa</name>
		<pose>Frontal</pose>
		<truncated>0</truncated>
		<difficult>0</difficult>
		<bndbox>
			<xmin>80</xmin>
			<ymin>213</ymin>
			<xmax>418</xmax>
			<ymax>309</ymax>
		</bndbox>
	</object>
	<object>
		<name>person</name>
		<pose>Frontal</pose>
		<truncated>0</truncated>
		<difficult>0</difficult>
		<bndbox>
			<xmin>160</xmin>
			<ymin>170</ymin>
			<xmax>316</xmax>
			<ymax>309</ymax>
		</bndbox>
	</object>
</annotation>
