<annotation>
	<folder>VOC2007</folder>
	<filename>001066.jpg</filename>
	<source>
		<database>The VOC2007 Database</database>
		<annotation>PASCAL VOC2007</annotation>
		<image>flickr</image>
		<flickrid>318909884</flickrid>
	</source>
	<owner>
		<flickrid>Steve Lippitt</flickrid>
		<name>Steven Lippitt</name>
	</owner>
	<size>
		<width>500</width>
		<height>329</height>
		<depth>3</depth>
	</size>
	<segmented>0</segmented>
	<object>
		<name>person</name>
		<pose>Left</pose>
		<truncated>0</truncated>
		<difficult>0</difficult>
		<bndbox>
			<xmin>390</xmin>
			<ymin>83</ymin>
			<xmax>460</xmax>
			<ymax>153</ymax>
		</bndbox>
	</object>
	<object>
		<name>person</name>
		<pose>Unspecified</pose>
		<truncated>0</truncated>
		<difficult>0</difficult>
		<bndbox>
			<xmin>101</xmin>
			<ymin>20</ymin>
			<xmax>165</xmax>
			<ymax>150</ymax>
		</bndbox>
	</object>
</annotation>
