<annotation>
	<folder>VOC2007</folder>
	<filename>001339.jpg</filename>
	<source>
		<database>The VOC2007 Database</database>
		<annotation>PASCAL VOC2007</annotation>
		<image>flickr</image>
		<flickrid>325586837</flickrid>
	</source>
	<owner>
		<flickrid>Flower~</flickrid>
		<name>?</name>
	</owner>
	<size>
		<width>500</width>
		<height>358</height>
		<depth>3</depth>
	</size>
	<segmented>0</segmented>
	<object>
		<name>dog</name>
		<pose>Left</pose>
		<truncated>0</truncated>
		<difficult>0</difficult>
		<bndbox>
			<xmin>52</xmin>
			<ymin>11</ymin>
			<xmax>447</xmax>
			<ymax>337</ymax>
		</bndbox>
	</object>
</annotation>
