<annotation>
	<folder>VOC2007</folder>
	<filename>001310.jpg</filename>
	<source>
		<database>The VOC2007 Database</database>
		<annotation>PASCAL VOC2007</annotation>
		<image>flickr</image>
		<flickrid>338385921</flickrid>
	</source>
	<owner>
		<flickrid>av8tors32</flickrid>
		<name>Steve Schweitzer</name>
	</owner>
	<size>
		<width>500</width>
		<height>375</height>
		<depth>3</depth>
	</size>
	<segmented>0</segmented>
	<object>
		<name>sheep</name>
		<pose>Right</pose>
		<truncated>0</truncated>
		<difficult>0</difficult>
		<bndbox>
			<xmin>163</xmin>
			<ymin>198</ymin>
			<xmax>284</xmax>
			<ymax>338</ymax>
		</bndbox>
	</object>
	<object>
		<name>person</name>
		<pose>Frontal</pose>
		<truncated>0</truncated>
		<difficult>0</difficult>
		<bndbox>
			<xmin>263</xmin>
			<ymin>90</ymin>
			<xmax>381</xmax>
			<ymax>326</ymax>
		</bndbox>
	</object>
	<object>
		<name>person</name>
		<pose>Rear</pose>
		<truncated>1</truncated>
		<difficult>0</difficult>
		<bndbox>
			<xmin>67</xmin>
			<ymin>110</ymin>
			<xmax>104</xmax>
			<ymax>199</ymax>
		</bndbox>
	</object>
	<object>
		<name>person</name>
		<pose>Unspecified</pose>
		<truncated>1</truncated>
		<difficult>0</difficult>
		<bndbox>
			<xmin>19</xmin>
			<ymin>132</ymin>
			<xmax>43</xmax>
			<ymax>166</ymax>
		</bndbox>
	</object>
	<object>
		<name>sheep</name>
		<pose>Right</pose>
		<truncated>0</truncated>
		<difficult>0</difficult>
		<bndbox>
			<xmin>19</xmin>
			<ymin>164</ymin>
			<xmax>61</xmax>
			<ymax>206</ymax>
		</bndbox>
	</object>
</annotation>
