<annotation>
	<folder>VOC2007</folder>
	<filename>001462.jpg</filename>
	<source>
		<database>The VOC2007 Database</database>
		<annotation>PASCAL VOC2007</annotation>
		<image>flickr</image>
		<flickrid>340135827</flickrid>
	</source>
	<owner>
		<flickrid>Bulsara McKinney</flickrid>
		<name>?</name>
	</owner>
	<size>
		<width>500</width>
		<height>375</height>
		<depth>3</depth>
	</size>
	<segmented>0</segmented>
	<object>
		<name>cat</name>
		<pose>Unspecified</pose>
		<truncated>1</truncated>
		<difficult>0</difficult>
		<bndbox>
			<xmin>135</xmin>
			<ymin>161</ymin>
			<xmax>278</xmax>
			<ymax>285</ymax>
		</bndbox>
	</object>
</annotation>
