<annotation>
	<folder>VOC2007</folder>
	<filename>001477.jpg</filename>
	<source>
		<database>The VOC2007 Database</database>
		<annotation>PASCAL VOC2007</annotation>
		<image>flickr</image>
		<flickrid>317606840</flickrid>
	</source>
	<owner>
		<flickrid>SciFi Laura</flickrid>
		<name>Laura Burns</name>
	</owner>
	<size>
		<width>500</width>
		<height>375</height>
		<depth>3</depth>
	</size>
	<segmented>0</segmented>
	<object>
		<name>sheep</name>
		<pose>Right</pose>
		<truncated>0</truncated>
		<difficult>0</difficult>
		<bndbox>
			<xmin>196</xmin>
			<ymin>84</ymin>
			<xmax>458</xmax>
			<ymax>287</ymax>
		</bndbox>
	</object>
	<object>
		<name>sheep</name>
		<pose>Right</pose>
		<truncated>0</truncated>
		<difficult>0</difficult>
		<bndbox>
			<xmin>93</xmin>
			<ymin>172</ymin>
			<xmax>227</xmax>
			<ymax>312</ymax>
		</bndbox>
	</object>
	<object>
		<name>sheep</name>
		<pose>Right</pose>
		<truncated>0</truncated>
		<difficult>0</difficult>
		<bndbox>
			<xmin>37</xmin>
			<ymin>202</ymin>
			<xmax>208</xmax>
			<ymax>338</ymax>
		</bndbox>
	</object>
	<object>
		<name>sheep</name>
		<pose>Frontal</pose>
		<truncated>0</truncated>
		<difficult>0</difficult>
		<bndbox>
			<xmin>13</xmin>
			<ymin>1</ymin>
			<xmax>77</xmax>
			<ymax>84</ymax>
		</bndbox>
	</object>
</annotation>
