<annotation>
	<folder>VOC2007</folder>
	<filename>001660.jpg</filename>
	<source>
		<database>The VOC2007 Database</database>
		<annotation>PASCAL VOC2007</annotation>
		<image>flickr</image>
		<flickrid>326147768</flickrid>
	</source>
	<owner>
		<flickrid>JordanD</flickrid>
		<name>Jordan D</name>
	</owner>
	<size>
		<width>500</width>
		<height>334</height>
		<depth>3</depth>
	</size>
	<segmented>0</segmented>
	<object>
		<name>aeroplane</name>
		<pose>Right</pose>
		<truncated>0</truncated>
		<difficult>0</difficult>
		<bndbox>
			<xmin>191</xmin>
			<ymin>120</ymin>
			<xmax>481</xmax>
			<ymax>187</ymax>
		</bndbox>
	</object>
</annotation>
