<annotation>
	<folder>VOC2007</folder>
	<filename>001661.jpg</filename>
	<source>
		<database>The VOC2007 Database</database>
		<annotation>PASCAL VOC2007</annotation>
		<image>flickr</image>
		<flickrid>327338657</flickrid>
	</source>
	<owner>
		<flickrid>Mike Cloom</flickrid>
		<name>Michel Iten</name>
	</owner>
	<size>
		<width>500</width>
		<height>375</height>
		<depth>3</depth>
	</size>
	<segmented>0</segmented>
	<object>
		<name>sheep</name>
		<pose>Left</pose>
		<truncated>0</truncated>
		<difficult>0</difficult>
		<bndbox>
			<xmin>107</xmin>
			<ymin>199</ymin>
			<xmax>330</xmax>
			<ymax>374</ymax>
		</bndbox>
	</object>
</annotation>
