<annotation>
	<folder>VOC2007</folder>
	<filename>001714.jpg</filename>
	<source>
		<database>The VOC2007 Database</database>
		<annotation>PASCAL VOC2007</annotation>
		<image>flickr</image>
		<flickrid>337642729</flickrid>
	</source>
	<owner>
		<flickrid>flittergirl</flickrid>
		<name>Sarah Rehm</name>
	</owner>
	<size>
		<width>332</width>
		<height>500</height>
		<depth>3</depth>
	</size>
	<segmented>0</segmented>
	<object>
		<name>sheep</name>
		<pose>Left</pose>
		<truncated>0</truncated>
		<difficult>0</difficult>
		<bndbox>
			<xmin>127</xmin>
			<ymin>302</ymin>
			<xmax>208</xmax>
			<ymax>357</ymax>
		</bndbox>
	</object>
</annotation>
