<annotation>
	<folder>VOC2007</folder>
	<filename>001890.jpg</filename>
	<source>
		<database>The VOC2007 Database</database>
		<annotation>PASCAL VOC2007</annotation>
		<image>flickr</image>
		<flickrid>158095653</flickrid>
	</source>
	<owner>
		<flickrid>leQ</flickrid>
		<name>David Schmidt</name>
	</owner>
	<size>
		<width>500</width>
		<height>375</height>
		<depth>3</depth>
	</size>
	<segmented>0</segmented>
	<object>
		<name>cat</name>
		<pose>Right</pose>
		<truncated>1</truncated>
		<difficult>0</difficult>
		<bndbox>
			<xmin>65</xmin>
			<ymin>54</ymin>
			<xmax>472</xmax>
			<ymax>304</ymax>
		</bndbox>
	</object>
</annotation>
