<annotation>
	<folder>VOC2007</folder>
	<filename>001847.jpg</filename>
	<source>
		<database>The VOC2007 Database</database>
		<annotation>PASCAL VOC2007</annotation>
		<image>flickr</image>
		<flickrid>331310472</flickrid>
	</source>
	<owner>
		<flickrid>LindaDee2006</flickrid>
		<name>?</name>
	</owner>
	<size>
		<width>500</width>
		<height>370</height>
		<depth>3</depth>
	</size>
	<segmented>0</segmented>
	<object>
		<name>boat</name>
		<pose>Unspecified</pose>
		<truncated>0</truncated>
		<difficult>0</difficult>
		<bndbox>
			<xmin>32</xmin>
			<ymin>245</ymin>
			<xmax>246</xmax>
			<ymax>351</ymax>
		</bndbox>
	</object>
	<object>
		<name>boat</name>
		<pose>Unspecified</pose>
		<truncated>1</truncated>
		<difficult>0</difficult>
		<bndbox>
			<xmin>73</xmin>
			<ymin>170</ymin>
			<xmax>470</xmax>
			<ymax>357</ymax>
		</bndbox>
	</object>
</annotation>
