<annotation>
	<folder>VOC2007</folder>
	<filename>001853.jpg</filename>
	<source>
		<database>The VOC2007 Database</database>
		<annotation>PASCAL VOC2007</annotation>
		<image>flickr</image>
		<flickrid>43816498</flickrid>
	</source>
	<owner>
		<flickrid>shimmertje</flickrid>
		<name>J Tang</name>
	</owner>
	<size>
		<width>500</width>
		<height>375</height>
		<depth>3</depth>
	</size>
	<segmented>0</segmented>
	<object>
		<name>bird</name>
		<pose>Right</pose>
		<truncated>0</truncated>
		<difficult>0</difficult>
		<bndbox>
			<xmin>202</xmin>
			<ymin>63</ymin>
			<xmax>343</xmax>
			<ymax>286</ymax>
		</bndbox>
	</object>
</annotation>
