<annotation>
	<folder>VOC2007</folder>
	<filename>001927.jpg</filename>
	<source>
		<database>The VOC2007 Database</database>
		<annotation>PASCAL VOC2007</annotation>
		<image>flickr</image>
		<flickrid>336410975</flickrid>
	</source>
	<owner>
		<flickrid>Lothar Lenz</flickrid>
		<name>Lothar Lenz</name>
	</owner>
	<size>
		<width>500</width>
		<height>332</height>
		<depth>3</depth>
	</size>
	<segmented>0</segmented>
	<object>
		<name>horse</name>
		<pose>Right</pose>
		<truncated>0</truncated>
		<difficult>0</difficult>
		<bndbox>
			<xmin>15</xmin>
			<ymin>92</ymin>
			<xmax>318</xmax>
			<ymax>274</ymax>
		</bndbox>
	</object>
	<object>
		<name>person</name>
		<pose>Unspecified</pose>
		<truncated>0</truncated>
		<difficult>0</difficult>
		<bndbox>
			<xmin>284</xmin>
			<ymin>55</ymin>
			<xmax>349</xmax>
			<ymax>274</ymax>
		</bndbox>
	</object>
</annotation>
