<annotation>
	<folder>VOC2007</folder>
	<filename>001933.jpg</filename>
	<source>
		<database>The VOC2007 Database</database>
		<annotation>PASCAL VOC2007</annotation>
		<image>flickr</image>
		<flickrid>46831139</flickrid>
	</source>
	<owner>
		<flickrid>janette~</flickrid>
		<name>Janette</name>
	</owner>
	<size>
		<width>500</width>
		<height>375</height>
		<depth>3</depth>
	</size>
	<segmented>0</segmented>
	<object>
		<name>bird</name>
		<pose>Left</pose>
		<truncated>1</truncated>
		<difficult>0</difficult>
		<bndbox>
			<xmin>70</xmin>
			<ymin>43</ymin>
			<xmax>399</xmax>
			<ymax>319</ymax>
		</bndbox>
	</object>
</annotation>
