<annotation>
	<folder>VOC2007</folder>
	<filename>002037.jpg</filename>
	<source>
		<database>The VOC2007 Database</database>
		<annotation>PASCAL VOC2007</annotation>
		<image>flickr</image>
		<flickrid>238778506</flickrid>
	</source>
	<owner>
		<flickrid>rmcgervey</flickrid>
		<name>Rich McGervey</name>
	</owner>
	<size>
		<width>500</width>
		<height>375</height>
		<depth>3</depth>
	</size>
	<segmented>0</segmented>
	<object>
		<name>bird</name>
		<pose>Frontal</pose>
		<truncated>0</truncated>
		<difficult>0</difficult>
		<bndbox>
			<xmin>100</xmin>
			<ymin>89</ymin>
			<xmax>402</xmax>
			<ymax>367</ymax>
		</bndbox>
	</object>
</annotation>
