<annotation>
	<folder>VOC2007</folder>
	<filename>002194.jpg</filename>
	<source>
		<database>The VOC2007 Database</database>
		<annotation>PASCAL VOC2007</annotation>
		<image>flickr</image>
		<flickrid>132927188</flickrid>
	</source>
	<owner>
		<flickrid>?blech</flickrid>
		<name>Paul Mison</name>
	</owner>
	<size>
		<width>500</width>
		<height>333</height>
		<depth>3</depth>
	</size>
	<segmented>0</segmented>
	<object>
		<name>chair</name>
		<pose>Right</pose>
		<truncated>0</truncated>
		<difficult>0</difficult>
		<bndbox>
			<xmin>294</xmin>
			<ymin>188</ymin>
			<xmax>391</xmax>
			<ymax>300</ymax>
		</bndbox>
	</object>
	<object>
		<name>person</name>
		<pose>Unspecified</pose>
		<truncated>1</truncated>
		<difficult>0</difficult>
		<bndbox>
			<xmin>81</xmin>
			<ymin>107</ymin>
			<xmax>155</xmax>
			<ymax>278</ymax>
		</bndbox>
		<part>
			<name>head</name>
			<bndbox>
				<xmin>96</xmin>
				<ymin>109</ymin>
				<xmax>126</xmax>
				<ymax>159</ymax>
			</bndbox>
		</part>
		<part>
			<name>hand</name>
			<bndbox>
				<xmin>135</xmin>
				<ymin>246</ymin>
				<xmax>155</xmax>
				<ymax>269</ymax>
			</bndbox>
		</part>
	</object>
	<object>
		<name>person</name>
		<pose>Unspecified</pose>
		<truncated>1</truncated>
		<difficult>0</difficult>
		<bndbox>
			<xmin>127</xmin>
			<ymin>117</ymin>
			<xmax>177</xmax>
			<ymax>283</ymax>
		</bndbox>
		<part>
			<name>hand</name>
			<bndbox>
				<xmin>127</xmin>
				<ymin>177</ymin>
				<xmax>140</xmax>
				<ymax>193</ymax>
			</bndbox>
		</part>
		<part>
			<name>head</name>
			<bndbox>
				<xmin>134</xmin>
				<ymin>118</ymin>
				<xmax>162</xmax>
				<ymax>161</ymax>
			</bndbox>
		</part>
	</object>
	<object>
		<name>person</name>
		<pose>Unspecified</pose>
		<truncated>1</truncated>
		<difficult>0</difficult>
		<bndbox>
			<xmin>295</xmin>
			<ymin>126</ymin>
			<xmax>464</xmax>
			<ymax>305</ymax>
		</bndbox>
		<part>
			<name>head</name>
			<bndbox>
				<xmin>300</xmin>
				<ymin>127</ymin>
				<xmax>327</xmax>
				<ymax>161</ymax>
			</bndbox>
		</part>
		<part>
			<name>hand</name>
			<bndbox>
				<xmin>344</xmin>
				<ymin>145</ymin>
				<xmax>361</xmax>
				<ymax>165</ymax>
			</bndbox>
		</part>
	</object>
	<object>
		<name>person</name>
		<pose>Unspecified</pose>
		<truncated>1</truncated>
		<difficult>0</difficult>
		<bndbox>
			<xmin>377</xmin>
			<ymin>144</ymin>
			<xmax>464</xmax>
			<ymax>268</ymax>
		</bndbox>
		<part>
			<name>hand</name>
			<bndbox>
				<xmin>397</xmin>
				<ymin>204</ymin>
				<xmax>415</xmax>
				<ymax>218</ymax>
			</bndbox>
		</part>
		<part>
			<name>hand</name>
			<bndbox>
				<xmin>435</xmin>
				<ymin>166</ymin>
				<xmax>447</xmax>
				<ymax>176</ymax>
			</bndbox>
		</part>
		<part>
			<name>head</name>
			<bndbox>
				<xmin>408</xmin>
				<ymin>145</ymin>
				<xmax>430</xmax>
				<ymax>171</ymax>
			</bndbox>
		</part>
	</object>
</annotation>
