<annotation>
	<folder>VOC2007</folder>
	<filename>002157.jpg</filename>
	<source>
		<database>The VOC2007 Database</database>
		<annotation>PASCAL VOC2007</annotation>
		<image>flickr</image>
		<flickrid>331081959</flickrid>
	</source>
	<owner>
		<flickrid>boeingguy</flickrid>
		<name>?</name>
	</owner>
	<size>
		<width>500</width>
		<height>329</height>
		<depth>3</depth>
	</size>
	<segmented>0</segmented>
	<object>
		<name>aeroplane</name>
		<pose>Right</pose>
		<truncated>0</truncated>
		<difficult>0</difficult>
		<bndbox>
			<xmin>8</xmin>
			<ymin>87</ymin>
			<xmax>496</xmax>
			<ymax>219</ymax>
		</bndbox>
	</object>
</annotation>
