<annotation>
	<folder>VOC2007</folder>
	<filename>002181.jpg</filename>
	<source>
		<database>The VOC2007 Database</database>
		<annotation>PASCAL VOC2007</annotation>
		<image>flickr</image>
		<flickrid>332629288</flickrid>
	</source>
	<owner>
		<flickrid>Lazy_Boi</flickrid>
		<name>Rod Julius Go</name>
	</owner>
	<size>
		<width>500</width>
		<height>375</height>
		<depth>3</depth>
	</size>
	<segmented>0</segmented>
	<object>
		<name>chair</name>
		<pose>Rear</pose>
		<truncated>0</truncated>
		<difficult>0</difficult>
		<bndbox>
			<xmin>367</xmin>
			<ymin>1</ymin>
			<xmax>468</xmax>
			<ymax>156</ymax>
		</bndbox>
	</object>
</annotation>
