<annotation>
	<folder>VOC2007</folder>
	<filename>002396.jpg</filename>
	<source>
		<database>The VOC2007 Database</database>
		<annotation>PASCAL VOC2007</annotation>
		<image>flickr</image>
		<flickrid>334214811</flickrid>
	</source>
	<owner>
		<flickrid>paola__</flickrid>
		<name>?</name>
	</owner>
	<size>
		<width>500</width>
		<height>375</height>
		<depth>3</depth>
	</size>
	<segmented>0</segmented>
	<object>
		<name>dog</name>
		<pose>Unspecified</pose>
		<truncated>0</truncated>
		<difficult>0</difficult>
		<bndbox>
			<xmin>141</xmin>
			<ymin>86</ymin>
			<xmax>463</xmax>
			<ymax>362</ymax>
		</bndbox>
	</object>
</annotation>
