<annotation>
	<folder>VOC2007</folder>
	<filename>002382.jpg</filename>
	<source>
		<database>The VOC2007 Database</database>
		<annotation>PASCAL VOC2007</annotation>
		<image>flickr</image>
		<flickrid>324419015</flickrid>
	</source>
	<owner>
		<flickrid>pw9272</flickrid>
		<name>Phillip Wells</name>
	</owner>
	<size>
		<width>360</width>
		<height>240</height>
		<depth>3</depth>
	</size>
	<segmented>0</segmented>
	<object>
		<name>sofa</name>
		<pose>Unspecified</pose>
		<truncated>1</truncated>
		<difficult>1</difficult>
		<bndbox>
			<xmin>157</xmin>
			<ymin>21</ymin>
			<xmax>360</xmax>
			<ymax>223</ymax>
		</bndbox>
	</object>
	<object>
		<name>person</name>
		<pose>Unspecified</pose>
		<truncated>0</truncated>
		<difficult>0</difficult>
		<bndbox>
			<xmin>3</xmin>
			<ymin>65</ymin>
			<xmax>354</xmax>
			<ymax>221</ymax>
		</bndbox>
		<part>
			<name>head</name>
			<bndbox>
				<xmin>236</xmin>
				<ymin>64</ymin>
				<xmax>356</xmax>
				<ymax>163</ymax>
			</bndbox>
		</part>
		<part>
			<name>hand</name>
			<bndbox>
				<xmin>148</xmin>
				<ymin>97</ymin>
				<xmax>190</xmax>
				<ymax>132</ymax>
			</bndbox>
		</part>
		<part>
			<name>hand</name>
			<bndbox>
				<xmin>124</xmin>
				<ymin>133</ymin>
				<xmax>166</xmax>
				<ymax>175</ymax>
			</bndbox>
		</part>
	</object>
	<object>
		<name>person</name>
		<pose>Unspecified</pose>
		<truncated>0</truncated>
		<difficult>0</difficult>
		<bndbox>
			<xmin>60</xmin>
			<ymin>83</ymin>
			<xmax>214</xmax>
			<ymax>213</ymax>
		</bndbox>
		<part>
			<name>head</name>
			<bndbox>
				<xmin>61</xmin>
				<ymin>83</ymin>
				<xmax>121</xmax>
				<ymax>130</ymax>
			</bndbox>
		</part>
		<part>
			<name>hand</name>
			<bndbox>
				<xmin>147</xmin>
				<ymin>100</ymin>
				<xmax>166</xmax>
				<ymax>116</ymax>
			</bndbox>
		</part>
		<part>
			<name>foot</name>
			<bndbox>
				<xmin>167</xmin>
				<ymin>191</ymin>
				<xmax>200</xmax>
				<ymax>214</ymax>
			</bndbox>
		</part>
		<part>
			<name>foot</name>
			<bndbox>
				<xmin>194</xmin>
				<ymin>160</ymin>
				<xmax>215</xmax>
				<ymax>182</ymax>
			</bndbox>
		</part>
	</object>
</annotation>
