<annotation>
	<folder>VOC2007</folder>
	<filename>002341.jpg</filename>
	<source>
		<database>The VOC2007 Database</database>
		<annotation>PASCAL VOC2007</annotation>
		<image>flickr</image>
		<flickrid>248558514</flickrid>
	</source>
	<owner>
		<flickrid>Texas Homesites - Land for sale in TX</flickrid>
		<name>Texas Hill Country</name>
	</owner>
	<size>
		<width>300</width>
		<height>250</height>
		<depth>3</depth>
	</size>
	<segmented>0</segmented>
	<object>
		<name>person</name>
		<pose>Unspecified</pose>
		<truncated>0</truncated>
		<difficult>0</difficult>
		<bndbox>
			<xmin>28</xmin>
			<ymin>4</ymin>
			<xmax>165</xmax>
			<ymax>249</ymax>
		</bndbox>
	</object>
	<object>
		<name>person</name>
		<pose>Unspecified</pose>
		<truncated>1</truncated>
		<difficult>0</difficult>
		<bndbox>
			<xmin>177</xmin>
			<ymin>11</ymin>
			<xmax>291</xmax>
			<ymax>249</ymax>
		</bndbox>
	</object>
	<object>
		<name>dog</name>
		<pose>Unspecified</pose>
		<truncated>0</truncated>
		<difficult>0</difficult>
		<bndbox>
			<xmin>22</xmin>
			<ymin>88</ymin>
			<xmax>130</xmax>
			<ymax>222</ymax>
		</bndbox>
	</object>
	<object>
		<name>dog</name>
		<pose>Unspecified</pose>
		<truncated>1</truncated>
		<difficult>0</difficult>
		<bndbox>
			<xmin>143</xmin>
			<ymin>168</ymin>
			<xmax>254</xmax>
			<ymax>250</ymax>
		</bndbox>
	</object>
</annotation>
