<annotation>
	<folder>VOC2007</folder>
	<filename>002547.jpg</filename>
	<source>
		<database>The VOC2007 Database</database>
		<annotation>PASCAL VOC2007</annotation>
		<image>flickr</image>
		<flickrid>43817349</flickrid>
	</source>
	<owner>
		<flickrid>shimmertje</flickrid>
		<name>J Tang</name>
	</owner>
	<size>
		<width>500</width>
		<height>375</height>
		<depth>3</depth>
	</size>
	<segmented>0</segmented>
	<object>
		<name>bird</name>
		<pose>Unspecified</pose>
		<truncated>0</truncated>
		<difficult>0</difficult>
		<bndbox>
			<xmin>195</xmin>
			<ymin>142</ymin>
			<xmax>272</xmax>
			<ymax>284</ymax>
		</bndbox>
	</object>
</annotation>
