<annotation>
	<folder>VOC2007</folder>
	<filename>002553.jpg</filename>
	<source>
		<database>The VOC2007 Database</database>
		<annotation>PASCAL VOC2007</annotation>
		<image>flickr</image>
		<flickrid>319480479</flickrid>
	</source>
	<owner>
		<flickrid>babybranchiowa</flickrid>
		<name>?</name>
	</owner>
	<size>
		<width>500</width>
		<height>377</height>
		<depth>3</depth>
	</size>
	<segmented>0</segmented>
	<object>
		<name>horse</name>
		<pose>Unspecified</pose>
		<truncated>1</truncated>
		<difficult>0</difficult>
		<bndbox>
			<xmin>114</xmin>
			<ymin>28</ymin>
			<xmax>457</xmax>
			<ymax>377</ymax>
		</bndbox>
	</object>
</annotation>
