<annotation>
	<folder>VOC2007</folder>
	<filename>002630.jpg</filename>
	<source>
		<database>The VOC2007 Database</database>
		<annotation>PASCAL VOC2007</annotation>
		<image>flickr</image>
		<flickrid>338431745</flickrid>
	</source>
	<owner>
		<flickrid>becky lou</flickrid>
		<name>Becky lou</name>
	</owner>
	<size>
		<width>500</width>
		<height>335</height>
		<depth>3</depth>
	</size>
	<segmented>0</segmented>
	<object>
		<name>bird</name>
		<pose>Left</pose>
		<truncated>0</truncated>
		<difficult>0</difficult>
		<bndbox>
			<xmin>74</xmin>
			<ymin>41</ymin>
			<xmax>266</xmax>
			<ymax>335</ymax>
		</bndbox>
	</object>
	<object>
		<name>bird</name>
		<pose>Left</pose>
		<truncated>1</truncated>
		<difficult>0</difficult>
		<bndbox>
			<xmin>317</xmin>
			<ymin>76</ymin>
			<xmax>479</xmax>
			<ymax>335</ymax>
		</bndbox>
	</object>
	<object>
		<name>bird</name>
		<pose>Right</pose>
		<truncated>1</truncated>
		<difficult>0</difficult>
		<bndbox>
			<xmin>420</xmin>
			<ymin>99</ymin>
			<xmax>500</xmax>
			<ymax>182</ymax>
		</bndbox>
	</object>
</annotation>
