<annotation>
	<folder>VOC2007</folder>
	<filename>002619.jpg</filename>
	<source>
		<database>The VOC2007 Database</database>
		<annotation>PASCAL VOC2007</annotation>
		<image>flickr</image>
		<flickrid>311153386</flickrid>
	</source>
	<owner>
		<flickrid>flicker_boone</flickrid>
		<name>Nate Boone</name>
	</owner>
	<size>
		<width>380</width>
		<height>500</height>
		<depth>3</depth>
	</size>
	<segmented>1</segmented>
	<object>
		<name>aeroplane</name>
		<pose>Unspecified</pose>
		<truncated>0</truncated>
		<difficult>0</difficult>
		<bndbox>
			<xmin>26</xmin>
			<ymin>15</ymin>
			<xmax>345</xmax>
			<ymax>476</ymax>
		</bndbox>
	</object>
</annotation>
