<annotation>
	<folder>VOC2007</folder>
	<filename>002618.jpg</filename>
	<source>
		<database>The VOC2007 Database</database>
		<annotation>PASCAL VOC2007</annotation>
		<image>flickr</image>
		<flickrid>325120602</flickrid>
	</source>
	<owner>
		<flickrid>Ivoryillusion</flickrid>
		<name>ivory illusion</name>
	</owner>
	<size>
		<width>500</width>
		<height>384</height>
		<depth>3</depth>
	</size>
	<segmented>1</segmented>
	<object>
		<name>sheep</name>
		<pose>Frontal</pose>
		<truncated>1</truncated>
		<difficult>0</difficult>
		<bndbox>
			<xmin>17</xmin>
			<ymin>20</ymin>
			<xmax>483</xmax>
			<ymax>343</ymax>
		</bndbox>
	</object>
</annotation>
