<annotation>
	<folder>VOC2007</folder>
	<filename>002786.jpg</filename>
	<source>
		<database>The VOC2007 Database</database>
		<annotation>PASCAL VOC2007</annotation>
		<image>flickr</image>
		<flickrid>329969299</flickrid>
	</source>
	<owner>
		<flickrid>Lothar Lenz</flickrid>
		<name>Lothar Lenz</name>
	</owner>
	<size>
		<width>500</width>
		<height>332</height>
		<depth>3</depth>
	</size>
	<segmented>0</segmented>
	<object>
		<name>horse</name>
		<pose>Right</pose>
		<truncated>0</truncated>
		<difficult>0</difficult>
		<bndbox>
			<xmin>80</xmin>
			<ymin>97</ymin>
			<xmax>348</xmax>
			<ymax>272</ymax>
		</bndbox>
	</object>
	<object>
		<name>person</name>
		<pose>Right</pose>
		<truncated>0</truncated>
		<difficult>0</difficult>
		<bndbox>
			<xmin>201</xmin>
			<ymin>52</ymin>
			<xmax>258</xmax>
			<ymax>202</ymax>
		</bndbox>
	</object>
</annotation>
