<annotation>
	<folder>VOC2007</folder>
	<filename>002817.jpg</filename>
	<source>
		<database>The VOC2007 Database</database>
		<annotation>PASCAL VOC2007</annotation>
		<image>flickr</image>
		<flickrid>197481498</flickrid>
	</source>
	<owner>
		<flickrid>Charles the tyke</flickrid>
		<name>Charles Mellor</name>
	</owner>
	<size>
		<width>500</width>
		<height>375</height>
		<depth>3</depth>
	</size>
	<segmented>0</segmented>
	<object>
		<name>pottedplant</name>
		<pose>Unspecified</pose>
		<truncated>1</truncated>
		<difficult>0</difficult>
		<bndbox>
			<xmin>23</xmin>
			<ymin>8</ymin>
			<xmax>381</xmax>
			<ymax>319</ymax>
		</bndbox>
	</object>
</annotation>
