<annotation>
	<folder>VOC2007</folder>
	<filename>002816.jpg</filename>
	<source>
		<database>The VOC2007 Database</database>
		<annotation>PASCAL VOC2007</annotation>
		<image>flickr</image>
		<flickrid>326280406</flickrid>
	</source>
	<owner>
		<flickrid>Marcelo Coelho</flickrid>
		<name>Marcelo Coelho</name>
	</owner>
	<size>
		<width>500</width>
		<height>375</height>
		<depth>3</depth>
	</size>
	<segmented>0</segmented>
	<object>
		<name>bus</name>
		<pose>Right</pose>
		<truncated>0</truncated>
		<difficult>0</difficult>
		<bndbox>
			<xmin>51</xmin>
			<ymin>145</ymin>
			<xmax>454</xmax>
			<ymax>307</ymax>
		</bndbox>
	</object>
</annotation>
