<annotation>
	<folder>VOC2007</folder>
	<filename>002976.jpg</filename>
	<source>
		<database>The VOC2007 Database</database>
		<annotation>PASCAL VOC2007</annotation>
		<image>flickr</image>
		<flickrid>319276434</flickrid>
	</source>
	<owner>
		<flickrid>freemanfoto</flickrid>
		<name>Tyler Freeman Smith</name>
	</owner>
	<size>
		<width>251</width>
		<height>500</height>
		<depth>3</depth>
	</size>
	<segmented>0</segmented>
	<object>
		<name>person</name>
		<pose>Frontal</pose>
		<truncated>1</truncated>
		<difficult>0</difficult>
		<bndbox>
			<xmin>3</xmin>
			<ymin>199</ymin>
			<xmax>240</xmax>
			<ymax>500</ymax>
		</bndbox>
	</object>
	<object>
		<name>person</name>
		<pose>Unspecified</pose>
		<truncated>1</truncated>
		<difficult>1</difficult>
		<bndbox>
			<xmin>202</xmin>
			<ymin>361</ymin>
			<xmax>251</xmax>
			<ymax>471</ymax>
		</bndbox>
	</object>
</annotation>
