<annotation>
	<folder>VOC2007</folder>
	<filename>002962.jpg</filename>
	<source>
		<database>The VOC2007 Database</database>
		<annotation>PASCAL VOC2007</annotation>
		<image>flickr</image>
		<flickrid>335898651</flickrid>
	</source>
	<owner>
		<flickrid>Above the Stars</flickrid>
		<name>Brittany Nordman</name>
	</owner>
	<size>
		<width>500</width>
		<height>334</height>
		<depth>3</depth>
	</size>
	<segmented>0</segmented>
	<object>
		<name>tvmonitor</name>
		<pose>Unspecified</pose>
		<truncated>1</truncated>
		<difficult>1</difficult>
		<bndbox>
			<xmin>430</xmin>
			<ymin>121</ymin>
			<xmax>500</xmax>
			<ymax>205</ymax>
		</bndbox>
	</object>
	<object>
		<name>person</name>
		<pose>Unspecified</pose>
		<truncated>1</truncated>
		<difficult>0</difficult>
		<bndbox>
			<xmin>192</xmin>
			<ymin>1</ymin>
			<xmax>466</xmax>
			<ymax>326</ymax>
		</bndbox>
	</object>
	<object>
		<name>person</name>
		<pose>Unspecified</pose>
		<truncated>1</truncated>
		<difficult>0</difficult>
		<bndbox>
			<xmin>1</xmin>
			<ymin>146</ymin>
			<xmax>128</xmax>
			<ymax>331</ymax>
		</bndbox>
	</object>
</annotation>
