<annotation>
	<folder>VOC2007</folder>
	<filename>003063.jpg</filename>
	<source>
		<database>The VOC2007 Database</database>
		<annotation>PASCAL VOC2007</annotation>
		<image>flickr</image>
		<flickrid>327019577</flickrid>
	</source>
	<owner>
		<flickrid>.damien</flickrid>
		<name>Damien Jones</name>
	</owner>
	<size>
		<width>375</width>
		<height>500</height>
		<depth>3</depth>
	</size>
	<segmented>0</segmented>
	<object>
		<name>person</name>
		<pose>Unspecified</pose>
		<truncated>0</truncated>
		<difficult>0</difficult>
		<bndbox>
			<xmin>54</xmin>
			<ymin>9</ymin>
			<xmax>291</xmax>
			<ymax>485</ymax>
		</bndbox>
	</object>
	<object>
		<name>sofa</name>
		<pose>Frontal</pose>
		<truncated>1</truncated>
		<difficult>0</difficult>
		<bndbox>
			<xmin>3</xmin>
			<ymin>43</ymin>
			<xmax>372</xmax>
			<ymax>386</ymax>
		</bndbox>
	</object>
</annotation>
