<annotation>
	<folder>VOC2007</folder>
	<filename>003275.jpg</filename>
	<source>
		<database>The VOC2007 Database</database>
		<annotation>PASCAL VOC2007</annotation>
		<image>flickr</image>
		<flickrid>266139426</flickrid>
	</source>
	<owner>
		<flickrid>Jennifer Reed</flickrid>
		<name>Jennifer Reed</name>
	</owner>
	<size>
		<width>500</width>
		<height>333</height>
		<depth>3</depth>
	</size>
	<segmented>0</segmented>
	<object>
		<name>bicycle</name>
		<pose>Left</pose>
		<truncated>0</truncated>
		<difficult>0</difficult>
		<bndbox>
			<xmin>95</xmin>
			<ymin>215</ymin>
			<xmax>215</xmax>
			<ymax>291</ymax>
		</bndbox>
	</object>
</annotation>
