<annotation>
	<folder>VOC2007</folder>
	<filename>003274.jpg</filename>
	<source>
		<database>The VOC2007 Database</database>
		<annotation>PASCAL VOC2007</annotation>
		<image>flickr</image>
		<flickrid>324448051</flickrid>
	</source>
	<owner>
		<flickrid>lg314</flickrid>
		<name>Laura Griffin</name>
	</owner>
	<size>
		<width>500</width>
		<height>375</height>
		<depth>3</depth>
	</size>
	<segmented>0</segmented>
	<object>
		<name>dog</name>
		<pose>Unspecified</pose>
		<truncated>1</truncated>
		<difficult>0</difficult>
		<bndbox>
			<xmin>148</xmin>
			<ymin>77</ymin>
			<xmax>298</xmax>
			<ymax>239</ymax>
		</bndbox>
	</object>
</annotation>
