<annotation>
	<folder>VOC2007</folder>
	<filename>003248.jpg</filename>
	<source>
		<database>The VOC2007 Database</database>
		<annotation>PASCAL VOC2007</annotation>
		<image>flickr</image>
		<flickrid>320515093</flickrid>
	</source>
	<owner>
		<flickrid>pigpogm</flickrid>
		<name>Michael Randall</name>
	</owner>
	<size>
		<width>375</width>
		<height>500</height>
		<depth>3</depth>
	</size>
	<segmented>0</segmented>
	<object>
		<name>tvmonitor</name>
		<pose>Unspecified</pose>
		<truncated>0</truncated>
		<difficult>0</difficult>
		<bndbox>
			<xmin>188</xmin>
			<ymin>154</ymin>
			<xmax>329</xmax>
			<ymax>304</ymax>
		</bndbox>
	</object>
</annotation>
