<annotation>
	<folder>VOC2007</folder>
	<filename>003498.jpg</filename>
	<source>
		<database>The VOC2007 Database</database>
		<annotation>PASCAL VOC2007</annotation>
		<image>flickr</image>
		<flickrid>332683940</flickrid>
	</source>
	<owner>
		<flickrid>calciumlithium</flickrid>
		<name>CaLi</name>
	</owner>
	<size>
		<width>500</width>
		<height>375</height>
		<depth>3</depth>
	</size>
	<segmented>0</segmented>
	<object>
		<name>boat</name>
		<pose>Left</pose>
		<truncated>0</truncated>
		<difficult>0</difficult>
		<bndbox>
			<xmin>3</xmin>
			<ymin>184</ymin>
			<xmax>500</xmax>
			<ymax>317</ymax>
		</bndbox>
	</object>
</annotation>
