<annotation>
	<folder>VOC2007</folder>
	<filename>003473.jpg</filename>
	<source>
		<database>The VOC2007 Database</database>
		<annotation>PASCAL VOC2007</annotation>
		<image>flickr</image>
		<flickrid>335259190</flickrid>
	</source>
	<owner>
		<flickrid>Mieke Miwian</flickrid>
		<name>Mieke</name>
	</owner>
	<size>
		<width>500</width>
		<height>333</height>
		<depth>3</depth>
	</size>
	<segmented>0</segmented>
	<object>
		<name>person</name>
		<pose>Unspecified</pose>
		<truncated>0</truncated>
		<difficult>0</difficult>
		<bndbox>
			<xmin>113</xmin>
			<ymin>128</ymin>
			<xmax>213</xmax>
			<ymax>291</ymax>
		</bndbox>
	</object>
	<object>
		<name>horse</name>
		<pose>Unspecified</pose>
		<truncated>0</truncated>
		<difficult>0</difficult>
		<bndbox>
			<xmin>97</xmin>
			<ymin>69</ymin>
			<xmax>447</xmax>
			<ymax>288</ymax>
		</bndbox>
	</object>
</annotation>
