<annotation>
	<folder>VOC2007</folder>
	<filename>003507.jpg</filename>
	<source>
		<database>The VOC2007 Database</database>
		<annotation>PASCAL VOC2007</annotation>
		<image>flickr</image>
		<flickrid>282558367</flickrid>
	</source>
	<owner>
		<flickrid>blugoogirl</flickrid>
		<name>Catherine</name>
	</owner>
	<size>
		<width>500</width>
		<height>377</height>
		<depth>3</depth>
	</size>
	<segmented>0</segmented>
	<object>
		<name>tvmonitor</name>
		<pose>Frontal</pose>
		<truncated>0</truncated>
		<difficult>0</difficult>
		<bndbox>
			<xmin>122</xmin>
			<ymin>178</ymin>
			<xmax>223</xmax>
			<ymax>256</ymax>
		</bndbox>
	</object>
	<object>
		<name>tvmonitor</name>
		<pose>Frontal</pose>
		<truncated>1</truncated>
		<difficult>0</difficult>
		<bndbox>
			<xmin>450</xmin>
			<ymin>99</ymin>
			<xmax>500</xmax>
			<ymax>243</ymax>
		</bndbox>
	</object>
</annotation>
