<annotation>
	<folder>VOC2007</folder>
	<filename>003513.jpg</filename>
	<source>
		<database>The VOC2007 Database</database>
		<annotation>PASCAL VOC2007</annotation>
		<image>flickr</image>
		<flickrid>299453527</flickrid>
	</source>
	<owner>
		<flickrid>juliang2006</flickrid>
		<name>Julian</name>
	</owner>
	<size>
		<width>500</width>
		<height>375</height>
		<depth>3</depth>
	</size>
	<segmented>0</segmented>
	<object>
		<name>train</name>
		<pose>Unspecified</pose>
		<truncated>1</truncated>
		<difficult>0</difficult>
		<bndbox>
			<xmin>168</xmin>
			<ymin>178</ymin>
			<xmax>302</xmax>
			<ymax>262</ymax>
		</bndbox>
	</object>
	<object>
		<name>train</name>
		<pose>Unspecified</pose>
		<truncated>1</truncated>
		<difficult>1</difficult>
		<bndbox>
			<xmin>329</xmin>
			<ymin>206</ymin>
			<xmax>375</xmax>
			<ymax>236</ymax>
		</bndbox>
	</object>
</annotation>
