<annotation>
	<folder>VOC2007</folder>
	<filename>003671.jpg</filename>
	<source>
		<database>The VOC2007 Database</database>
		<annotation>PASCAL VOC2007</annotation>
		<image>flickr</image>
		<flickrid>338671633</flickrid>
	</source>
	<owner>
		<flickrid>tech1987</flickrid>
		<name>Joe Miklich</name>
	</owner>
	<size>
		<width>500</width>
		<height>333</height>
		<depth>3</depth>
	</size>
	<segmented>0</segmented>
	<object>
		<name>dog</name>
		<pose>Unspecified</pose>
		<truncated>0</truncated>
		<difficult>0</difficult>
		<bndbox>
			<xmin>135</xmin>
			<ymin>6</ymin>
			<xmax>358</xmax>
			<ymax>323</ymax>
		</bndbox>
	</object>
</annotation>
