<annotation>
	<folder>VOC2007</folder>
	<filename>003659.jpg</filename>
	<source>
		<database>The VOC2007 Database</database>
		<annotation>PASCAL VOC2007</annotation>
		<image>flickr</image>
		<flickrid>308769392</flickrid>
	</source>
	<owner>
		<flickrid>karinne</flickrid>
		<name>Karinne Legault</name>
	</owner>
	<size>
		<width>500</width>
		<height>375</height>
		<depth>3</depth>
	</size>
	<segmented>0</segmented>
	<object>
		<name>person</name>
		<pose>Frontal</pose>
		<truncated>1</truncated>
		<difficult>0</difficult>
		<part>
			<name>head</name>
			<bndbox>
				<xmin>181</xmin>
				<ymin>130</ymin>
				<xmax>210</xmax>
				<ymax>164</ymax>
			</bndbox>
		</part>
		<part>
			<name>hand</name>
			<bndbox>
				<xmin>177</xmin>
				<ymin>163</ymin>
				<xmax>190</xmax>
				<ymax>174</ymax>
			</bndbox>
		</part>
		<part>
			<name>hand</name>
			<bndbox>
				<xmin>195</xmin>
				<ymin>164</ymin>
				<xmax>210</xmax>
				<ymax>179</ymax>
			</bndbox>
		</part>
		<bndbox>
			<xmin>168</xmin>
			<ymin>128</ymin>
			<xmax>228</xmax>
			<ymax>240</ymax>
		</bndbox>
	</object>
</annotation>
