<annotation>
	<folder>VOC2007</folder>
	<filename>003704.jpg</filename>
	<source>
		<database>The VOC2007 Database</database>
		<annotation>PASCAL VOC2007</annotation>
		<image>flickr</image>
		<flickrid>170880479</flickrid>
	</source>
	<owner>
		<flickrid>Malavagma</flickrid>
		<name>Jessica</name>
	</owner>
	<size>
		<width>500</width>
		<height>375</height>
		<depth>3</depth>
	</size>
	<segmented>0</segmented>
	<object>
		<name>bird</name>
		<pose>Right</pose>
		<truncated>1</truncated>
		<difficult>0</difficult>
		<bndbox>
			<xmin>220</xmin>
			<ymin>62</ymin>
			<xmax>458</xmax>
			<ymax>347</ymax>
		</bndbox>
	</object>
</annotation>
