<annotation>
	<folder>VOC2007</folder>
	<filename>003739.jpg</filename>
	<source>
		<database>The VOC2007 Database</database>
		<annotation>PASCAL VOC2007</annotation>
		<image>flickr</image>
		<flickrid>130820507</flickrid>
	</source>
	<owner>
		<flickrid>celtictricky</flickrid>
		<name>Richard &amp; Sharon Giblin</name>
	</owner>
	<size>
		<width>500</width>
		<height>375</height>
		<depth>3</depth>
	</size>
	<segmented>0</segmented>
	<object>
		<name>dog</name>
		<pose>Unspecified</pose>
		<truncated>1</truncated>
		<difficult>0</difficult>
		<bndbox>
			<xmin>2</xmin>
			<ymin>60</ymin>
			<xmax>279</xmax>
			<ymax>368</ymax>
		</bndbox>
	</object>
	<object>
		<name>person</name>
		<pose>Unspecified</pose>
		<truncated>1</truncated>
		<difficult>0</difficult>
		<bndbox>
			<xmin>3</xmin>
			<ymin>23</ymin>
			<xmax>461</xmax>
			<ymax>373</ymax>
		</bndbox>
	</object>
</annotation>
