<annotation>
	<folder>VOC2007</folder>
	<filename>003710.jpg</filename>
	<source>
		<database>The VOC2007 Database</database>
		<annotation>PASCAL VOC2007</annotation>
		<image>flickr</image>
		<flickrid>308866030</flickrid>
	</source>
	<owner>
		<flickrid>one42chrisp</flickrid>
		<name>?</name>
	</owner>
	<size>
		<width>500</width>
		<height>328</height>
		<depth>3</depth>
	</size>
	<segmented>0</segmented>
	<object>
		<name>train</name>
		<pose>Right</pose>
		<truncated>1</truncated>
		<difficult>0</difficult>
		<bndbox>
			<xmin>1</xmin>
			<ymin>25</ymin>
			<xmax>433</xmax>
			<ymax>280</ymax>
		</bndbox>
	</object>
</annotation>
