<annotation>
	<folder>VOC2007</folder>
	<filename>003705.jpg</filename>
	<source>
		<database>The VOC2007 Database</database>
		<annotation>PASCAL VOC2007</annotation>
		<image>flickr</image>
		<flickrid>314232078</flickrid>
	</source>
	<owner>
		<flickrid>percycat15</flickrid>
		<name>?</name>
	</owner>
	<size>
		<width>500</width>
		<height>375</height>
		<depth>3</depth>
	</size>
	<segmented>0</segmented>
	<object>
		<name>sheep</name>
		<pose>Left</pose>
		<truncated>0</truncated>
		<difficult>0</difficult>
		<bndbox>
			<xmin>196</xmin>
			<ymin>100</ymin>
			<xmax>270</xmax>
			<ymax>176</ymax>
		</bndbox>
	</object>
</annotation>
