<annotation>
	<folder>VOC2007</folder>
	<filename>004095.jpg</filename>
	<source>
		<database>The VOC2007 Database</database>
		<annotation>PASCAL VOC2007</annotation>
		<image>flickr</image>
		<flickrid>340906999</flickrid>
	</source>
	<owner>
		<flickrid>garylr</flickrid>
		<name>Gary R</name>
	</owner>
	<size>
		<width>500</width>
		<height>334</height>
		<depth>3</depth>
	</size>
	<segmented>0</segmented>
	<object>
		<name>dog</name>
		<pose>Frontal</pose>
		<truncated>0</truncated>
		<difficult>0</difficult>
		<bndbox>
			<xmin>186</xmin>
			<ymin>97</ymin>
			<xmax>323</xmax>
			<ymax>304</ymax>
		</bndbox>
	</object>
</annotation>
