<annotation>
	<folder>VOC2007</folder>
	<filename>004282.jpg</filename>
	<source>
		<database>The VOC2007 Database</database>
		<annotation>PASCAL VOC2007</annotation>
		<image>flickr</image>
		<flickrid>338796885</flickrid>
	</source>
	<owner>
		<flickrid>aaf55</flickrid>
		<name>?</name>
	</owner>
	<size>
		<width>500</width>
		<height>496</height>
		<depth>3</depth>
	</size>
	<segmented>0</segmented>
	<object>
		<name>bird</name>
		<pose>Unspecified</pose>
		<truncated>0</truncated>
		<difficult>0</difficult>
		<bndbox>
			<xmin>60</xmin>
			<ymin>56</ymin>
			<xmax>450</xmax>
			<ymax>347</ymax>
		</bndbox>
	</object>
</annotation>
