<annotation>
	<folder>VOC2007</folder>
	<filename>004297.jpg</filename>
	<source>
		<database>The VOC2007 Database</database>
		<annotation>PASCAL VOC2007</annotation>
		<image>flickr</image>
		<flickrid>331671796</flickrid>
	</source>
	<owner>
		<flickrid>bewarenerd</flickrid>
		<name>Bernard Wee</name>
	</owner>
	<size>
		<width>500</width>
		<height>375</height>
		<depth>3</depth>
	</size>
	<segmented>0</segmented>
	<object>
		<name>dog</name>
		<pose>Unspecified</pose>
		<truncated>1</truncated>
		<difficult>0</difficult>
		<bndbox>
			<xmin>108</xmin>
			<ymin>156</ymin>
			<xmax>306</xmax>
			<ymax>375</ymax>
		</bndbox>
	</object>
	<object>
		<name>person</name>
		<pose>Unspecified</pose>
		<truncated>0</truncated>
		<difficult>0</difficult>
		<bndbox>
			<xmin>210</xmin>
			<ymin>1</ymin>
			<xmax>500</xmax>
			<ymax>317</ymax>
		</bndbox>
		<part>
			<name>head</name>
			<bndbox>
				<xmin>207.4569</xmin>
				<ymin>2.3897</ymin>
				<xmax>294.8029</xmax>
				<ymax>96.8746</ymax>
			</bndbox>
		</part>
		<part>
			<name>hand</name>
			<bndbox>
				<xmin>278.0056</xmin>
				<ymin>211.0963</ymin>
				<xmax>319.5789</xmax>
				<ymax>255.1892</ymax>
			</bndbox>
		</part>
		<part>
			<name>hand</name>
			<bndbox>
				<xmin>340.1557</xmin>
				<ymin>263.168</ymin>
				<xmax>396.0067</xmax>
				<ymax>317.3393</ymax>
			</bndbox>
		</part>
		<part>
			<name>foot</name>
			<bndbox>
				<xmin>469.075</xmin>
				<ymin>58.6607</ymin>
				<xmax>500</xmax>
				<ymax>98.9742</ymax>
			</bndbox>
		</part>
	</object>
</annotation>
