<annotation>
	<folder>VOC2007</folder>
	<filename>004320.jpg</filename>
	<source>
		<database>The VOC2007 Database</database>
		<annotation>PASCAL VOC2007</annotation>
		<image>flickr</image>
		<flickrid>329915206</flickrid>
	</source>
	<owner>
		<flickrid>lslphoto</flickrid>
		<name>Loren Lloyd</name>
	</owner>
	<size>
		<width>500</width>
		<height>379</height>
		<depth>3</depth>
	</size>
	<segmented>0</segmented>
	<object>
		<name>car</name>
		<pose>Rear</pose>
		<truncated>0</truncated>
		<difficult>0</difficult>
		<bndbox>
			<xmin>158</xmin>
			<ymin>160</ymin>
			<xmax>334</xmax>
			<ymax>263</ymax>
		</bndbox>
	</object>
	<object>
		<name>car</name>
		<pose>Unspecified</pose>
		<truncated>0</truncated>
		<difficult>1</difficult>
		<bndbox>
			<xmin>19</xmin>
			<ymin>179</ymin>
			<xmax>46</xmax>
			<ymax>211</ymax>
		</bndbox>
	</object>
</annotation>
