<annotation>
	<folder>VOC2007</folder>
	<filename>004308.jpg</filename>
	<source>
		<database>The VOC2007 Database</database>
		<annotation>PASCAL VOC2007</annotation>
		<image>flickr</image>
		<flickrid>195641356</flickrid>
	</source>
	<owner>
		<flickrid>RachelandEric</flickrid>
		<name>RachelandEric</name>
	</owner>
	<size>
		<width>500</width>
		<height>400</height>
		<depth>3</depth>
	</size>
	<segmented>0</segmented>
	<object>
		<name>cat</name>
		<pose>Rear</pose>
		<truncated>1</truncated>
		<difficult>0</difficult>
		<bndbox>
			<xmin>50</xmin>
			<ymin>129</ymin>
			<xmax>294</xmax>
			<ymax>400</ymax>
		</bndbox>
	</object>
	<object>
		<name>tvmonitor</name>
		<pose>Frontal</pose>
		<truncated>1</truncated>
		<difficult>0</difficult>
		<bndbox>
			<xmin>1</xmin>
			<ymin>61</ymin>
			<xmax>118</xmax>
			<ymax>329</ymax>
		</bndbox>
	</object>
	<object>
		<name>tvmonitor</name>
		<pose>Frontal</pose>
		<truncated>1</truncated>
		<difficult>0</difficult>
		<bndbox>
			<xmin>172</xmin>
			<ymin>47</ymin>
			<xmax>500</xmax>
			<ymax>398</ymax>
		</bndbox>
	</object>
</annotation>
