<annotation>
	<folder>VOC2007</folder>
	<filename>004334.jpg</filename>
	<source>
		<database>The VOC2007 Database</database>
		<annotation>PASCAL VOC2007</annotation>
		<image>flickr</image>
		<flickrid>325409413</flickrid>
	</source>
	<owner>
		<flickrid>Lady_Chappers</flickrid>
		<name>Sarah Chapman</name>
	</owner>
	<size>
		<width>375</width>
		<height>500</height>
		<depth>3</depth>
	</size>
	<segmented>0</segmented>
	<object>
		<name>person</name>
		<pose>Frontal</pose>
		<truncated>1</truncated>
		<difficult>0</difficult>
		<bndbox>
			<xmin>42</xmin>
			<ymin>65</ymin>
			<xmax>327</xmax>
			<ymax>500</ymax>
		</bndbox>
	</object>
</annotation>
