<annotation>
	<folder>VOC2007</folder>
	<filename>004446.jpg</filename>
	<source>
		<database>The VOC2007 Database</database>
		<annotation>PASCAL VOC2007</annotation>
		<image>flickr</image>
		<flickrid>153062634</flickrid>
	</source>
	<owner>
		<flickrid>boo93peanut03</flickrid>
		<name>?</name>
	</owner>
	<size>
		<width>500</width>
		<height>375</height>
		<depth>3</depth>
	</size>
	<segmented>0</segmented>
	<object>
		<name>cat</name>
		<pose>Right</pose>
		<truncated>0</truncated>
		<difficult>0</difficult>
		<bndbox>
			<xmin>226</xmin>
			<ymin>213</ymin>
			<xmax>429</xmax>
			<ymax>343</ymax>
		</bndbox>
	</object>
	<object>
		<name>pottedplant</name>
		<pose>Unspecified</pose>
		<truncated>1</truncated>
		<difficult>0</difficult>
		<bndbox>
			<xmin>132</xmin>
			<ymin>1</ymin>
			<xmax>376</xmax>
			<ymax>280</ymax>
		</bndbox>
	</object>
</annotation>
