<annotation>
	<folder>VOC2007</folder>
	<filename>004491.jpg</filename>
	<source>
		<database>The VOC2007 Database</database>
		<annotation>PASCAL VOC2007</annotation>
		<image>flickr</image>
		<flickrid>333113664</flickrid>
	</source>
	<owner>
		<flickrid>Gargoylia</flickrid>
		<name>Kena Moore</name>
	</owner>
	<size>
		<width>500</width>
		<height>375</height>
		<depth>3</depth>
	</size>
	<segmented>0</segmented>
	<object>
		<name>chair</name>
		<pose>Unspecified</pose>
		<truncated>1</truncated>
		<difficult>0</difficult>
		<bndbox>
			<xmin>157</xmin>
			<ymin>147</ymin>
			<xmax>399</xmax>
			<ymax>368</ymax>
		</bndbox>
	</object>
	<object>
		<name>person</name>
		<pose>Unspecified</pose>
		<truncated>0</truncated>
		<difficult>0</difficult>
		<bndbox>
			<xmin>185</xmin>
			<ymin>134</ymin>
			<xmax>333</xmax>
			<ymax>283</ymax>
		</bndbox>
		<part>
			<name>head</name>
			<bndbox>
				<xmin>268.3471</xmin>
				<ymin>133.4087</ymin>
				<xmax>301.5218</xmax>
				<ymax>174.1422</ymax>
			</bndbox>
		</part>
		<part>
			<name>hand</name>
			<bndbox>
				<xmin>251.9698</xmin>
				<ymin>159.8645</ymin>
				<xmax>270.4468</xmax>
				<ymax>177.5017</ymax>
			</bndbox>
		</part>
		<part>
			<name>foot</name>
			<bndbox>
				<xmin>182.2609</xmin>
				<ymin>264.8477</ymin>
				<xmax>220.0549</xmax>
				<ymax>282.4849</ymax>
			</bndbox>
		</part>
	</object>
	<object>
		<name>chair</name>
		<pose>Unspecified</pose>
		<truncated>1</truncated>
		<difficult>0</difficult>
		<bndbox>
			<xmin>435</xmin>
			<ymin>261</ymin>
			<xmax>500</xmax>
			<ymax>375</ymax>
		</bndbox>
	</object>
</annotation>
