<annotation>
	<folder>VOC2007</folder>
	<filename>004452.jpg</filename>
	<source>
		<database>The VOC2007 Database</database>
		<annotation>PASCAL VOC2007</annotation>
		<image>flickr</image>
		<flickrid>194609740</flickrid>
	</source>
	<owner>
		<flickrid>jabberwock</flickrid>
		<name>Steve Elliott</name>
	</owner>
	<size>
		<width>500</width>
		<height>375</height>
		<depth>3</depth>
	</size>
	<segmented>0</segmented>
	<object>
		<name>aeroplane</name>
		<pose>Unspecified</pose>
		<truncated>0</truncated>
		<difficult>0</difficult>
		<bndbox>
			<xmin>411</xmin>
			<ymin>251</ymin>
			<xmax>454</xmax>
			<ymax>302</ymax>
		</bndbox>
	</object>
</annotation>
