<annotation>
	<folder>VOC2007</folder>
	<filename>004532.jpg</filename>
	<source>
		<database>The VOC2007 Database</database>
		<annotation>PASCAL VOC2007</annotation>
		<image>flickr</image>
		<flickrid>332650278</flickrid>
	</source>
	<owner>
		<flickrid>Christopher Biggs</flickrid>
		<name>Christopher Biggs</name>
	</owner>
	<size>
		<width>500</width>
		<height>374</height>
		<depth>3</depth>
	</size>
	<segmented>0</segmented>
	<object>
		<name>boat</name>
		<pose>Unspecified</pose>
		<truncated>1</truncated>
		<difficult>0</difficult>
		<bndbox>
			<xmin>1</xmin>
			<ymin>72</ymin>
			<xmax>497</xmax>
			<ymax>310</ymax>
		</bndbox>
	</object>
</annotation>
