<annotation>
	<folder>VOC2007</folder>
	<filename>004526.jpg</filename>
	<source>
		<database>The VOC2007 Database</database>
		<annotation>PASCAL VOC2007</annotation>
		<image>flickr</image>
		<flickrid>318095521</flickrid>
	</source>
	<owner>
		<flickrid>davidthomson15</flickrid>
		<name>?</name>
	</owner>
	<size>
		<width>500</width>
		<height>375</height>
		<depth>3</depth>
	</size>
	<segmented>0</segmented>
	<object>
		<name>car</name>
		<pose>Left</pose>
		<truncated>0</truncated>
		<difficult>0</difficult>
		<bndbox>
			<xmin>104</xmin>
			<ymin>74</ymin>
			<xmax>436</xmax>
			<ymax>239</ymax>
		</bndbox>
	</object>
</annotation>
