<annotation>
	<folder>VOC2007</folder>
	<filename>004693.jpg</filename>
	<source>
		<database>The VOC2007 Database</database>
		<annotation>PASCAL VOC2007</annotation>
		<image>flickr</image>
		<flickrid>327252025</flickrid>
	</source>
	<owner>
		<flickrid>Tango_hui_voine</flickrid>
		<name>Tango</name>
	</owner>
	<size>
		<width>500</width>
		<height>333</height>
		<depth>3</depth>
	</size>
	<segmented>0</segmented>
	<object>
		<name>train</name>
		<pose>Frontal</pose>
		<truncated>1</truncated>
		<difficult>0</difficult>
		<bndbox>
			<xmin>1</xmin>
			<ymin>1</ymin>
			<xmax>143</xmax>
			<ymax>226</ymax>
		</bndbox>
	</object>
	<object>
		<name>train</name>
		<pose>Unspecified</pose>
		<truncated>1</truncated>
		<difficult>0</difficult>
		<bndbox>
			<xmin>104</xmin>
			<ymin>2</ymin>
			<xmax>500</xmax>
			<ymax>261</ymax>
		</bndbox>
	</object>
	<object>
		<name>person</name>
		<pose>Rear</pose>
		<truncated>0</truncated>
		<difficult>0</difficult>
		<bndbox>
			<xmin>168</xmin>
			<ymin>141</ymin>
			<xmax>218</xmax>
			<ymax>278</ymax>
		</bndbox>
		<part>
			<name>head</name>
			<bndbox>
				<xmin>184.1694</xmin>
				<ymin>141.1935</ymin>
				<xmax>199.4919</xmax>
				<ymax>155.7097</ymax>
			</bndbox>
		</part>
		<part>
			<name>hand</name>
			<bndbox>
				<xmin>168.4435</xmin>
				<ymin>205.3065</ymin>
				<xmax>178.121</xmax>
				<ymax>214.5806</ymax>
			</bndbox>
		</part>
		<part>
			<name>hand</name>
			<bndbox>
				<xmin>209.5726</xmin>
				<ymin>204.0968</ymin>
				<xmax>220.0565</xmax>
				<ymax>211.3548</ymax>
			</bndbox>
		</part>
		<part>
			<name>foot</name>
			<bndbox>
				<xmin>201.9113</xmin>
				<ymin>253.6935</ymin>
				<xmax>215.621</xmax>
				<ymax>276.6774</ymax>
			</bndbox>
		</part>
		<part>
			<name>foot</name>
			<bndbox>
				<xmin>187.7984</xmin>
				<ymin>265.7903</ymin>
				<xmax>197.4758</xmax>
				<ymax>270.2258</ymax>
			</bndbox>
		</part>
	</object>
</annotation>
