<annotation>
	<folder>VOC2007</folder>
	<filename>004678.jpg</filename>
	<source>
		<database>The VOC2007 Database</database>
		<annotation>PASCAL VOC2007</annotation>
		<image>flickr</image>
		<flickrid>337908071</flickrid>
	</source>
	<owner>
		<flickrid>cpearl</flickrid>
		<name>Cathy</name>
	</owner>
	<size>
		<width>500</width>
		<height>357</height>
		<depth>3</depth>
	</size>
	<segmented>0</segmented>
	<object>
		<name>bird</name>
		<pose>Left</pose>
		<truncated>1</truncated>
		<difficult>0</difficult>
		<bndbox>
			<xmin>108</xmin>
			<ymin>20</ymin>
			<xmax>500</xmax>
			<ymax>301</ymax>
		</bndbox>
	</object>
	<object>
		<name>bird</name>
		<pose>Right</pose>
		<truncated>1</truncated>
		<difficult>0</difficult>
		<bndbox>
			<xmin>1</xmin>
			<ymin>69</ymin>
			<xmax>310</xmax>
			<ymax>338</ymax>
		</bndbox>
	</object>
</annotation>
