<annotation>
	<folder>VOC2007</folder>
	<filename>004650.jpg</filename>
	<source>
		<database>The VOC2007 Database</database>
		<annotation>PASCAL VOC2007</annotation>
		<image>flickr</image>
		<flickrid>335781216</flickrid>
	</source>
	<owner>
		<flickrid>afk40</flickrid>
		<name>?</name>
	</owner>
	<size>
		<width>500</width>
		<height>375</height>
		<depth>3</depth>
	</size>
	<segmented>0</segmented>
	<object>
		<name>car</name>
		<pose>Unspecified</pose>
		<truncated>1</truncated>
		<difficult>1</difficult>
		<bndbox>
			<xmin>414</xmin>
			<ymin>96</ymin>
			<xmax>500</xmax>
			<ymax>234</ymax>
		</bndbox>
	</object>
	<object>
		<name>motorbike</name>
		<pose>Left</pose>
		<truncated>0</truncated>
		<difficult>0</difficult>
		<bndbox>
			<xmin>44</xmin>
			<ymin>62</ymin>
			<xmax>479</xmax>
			<ymax>321</ymax>
		</bndbox>
	</object>
	<object>
		<name>person</name>
		<pose>Frontal</pose>
		<truncated>0</truncated>
		<difficult>0</difficult>
		<bndbox>
			<xmin>146</xmin>
			<ymin>96</ymin>
			<xmax>277</xmax>
			<ymax>331</ymax>
		</bndbox>
		<part>
			<name>head</name>
			<bndbox>
				<xmin>220.0549</xmin>
				<ymin>96.4546</ymin>
				<xmax>256.1691</xmax>
				<ymax>140.1277</ymax>
			</bndbox>
		</part>
		<part>
			<name>hand</name>
			<bndbox>
				<xmin>143.2072</xmin>
				<ymin>113.6719</ymin>
				<xmax>157.4849</xmax>
				<ymax>126.6898</ymax>
			</bndbox>
		</part>
		<part>
			<name>foot</name>
			<bndbox>
				<xmin>208.7167</xmin>
				<ymin>308.5207</ymin>
				<xmax>226.3539</xmax>
				<ymax>329.9373</ymax>
			</bndbox>
		</part>
		<part>
			<name>foot</name>
			<bndbox>
				<xmin>241.4714</xmin>
				<ymin>310.2004</ymin>
				<xmax>266.6674</xmax>
				<ymax>330.7772</ymax>
			</bndbox>
		</part>
	</object>
</annotation>
