<annotation>
	<folder>VOC2007</folder>
	<filename>004724.jpg</filename>
	<source>
		<database>The VOC2007 Database</database>
		<annotation>PASCAL VOC2007</annotation>
		<image>flickr</image>
		<flickrid>331341470</flickrid>
	</source>
	<owner>
		<flickrid>rbdeluxe</flickrid>
		<name>Rob Bellinger</name>
	</owner>
	<size>
		<width>500</width>
		<height>332</height>
		<depth>3</depth>
	</size>
	<segmented>0</segmented>
	<object>
		<name>bus</name>
		<pose>Left</pose>
		<truncated>0</truncated>
		<difficult>0</difficult>
		<bndbox>
			<xmin>75</xmin>
			<ymin>83</ymin>
			<xmax>430</xmax>
			<ymax>253</ymax>
		</bndbox>
	</object>
</annotation>
