<annotation>
	<folder>VOC2007</folder>
	<filename>004863.jpg</filename>
	<source>
		<database>The VOC2007 Database</database>
		<annotation>PASCAL VOC2007</annotation>
		<image>flickr</image>
		<flickrid>240394990</flickrid>
	</source>
	<owner>
		<flickrid>Lisi12</flickrid>
		<name>Elise Urbanek</name>
	</owner>
	<size>
		<width>500</width>
		<height>375</height>
		<depth>3</depth>
	</size>
	<segmented>0</segmented>
	<object>
		<name>car</name>
		<pose>Unspecified</pose>
		<truncated>0</truncated>
		<difficult>0</difficult>
		<bndbox>
			<xmin>61</xmin>
			<ymin>61</ymin>
			<xmax>421</xmax>
			<ymax>282</ymax>
		</bndbox>
	</object>
</annotation>
