<annotation>
	<folder>VOC2007</folder>
	<filename>004888.jpg</filename>
	<source>
		<database>The VOC2007 Database</database>
		<annotation>PASCAL VOC2007</annotation>
		<image>flickr</image>
		<flickrid>340091175</flickrid>
	</source>
	<owner>
		<flickrid>cairong_chen</flickrid>
		<name>caizi</name>
	</owner>
	<size>
		<width>375</width>
		<height>500</height>
		<depth>3</depth>
	</size>
	<segmented>0</segmented>
	<object>
		<name>cat</name>
		<pose>Unspecified</pose>
		<truncated>0</truncated>
		<difficult>0</difficult>
		<bndbox>
			<xmin>92</xmin>
			<ymin>187</ymin>
			<xmax>206</xmax>
			<ymax>387</ymax>
		</bndbox>
	</object>
	<object>
		<name>cat</name>
		<pose>Left</pose>
		<truncated>0</truncated>
		<difficult>0</difficult>
		<bndbox>
			<xmin>206</xmin>
			<ymin>189</ymin>
			<xmax>351</xmax>
			<ymax>395</ymax>
		</bndbox>
	</object>
</annotation>
