<annotation>
	<folder>VOC2007</folder>
	<filename>004903.jpg</filename>
	<source>
		<database>The VOC2007 Database</database>
		<annotation>PASCAL VOC2007</annotation>
		<image>flickr</image>
		<flickrid>325170831</flickrid>
	</source>
	<owner>
		<flickrid>ChazWags</flickrid>
		<name>Charles Wagner</name>
	</owner>
	<size>
		<width>500</width>
		<height>331</height>
		<depth>3</depth>
	</size>
	<segmented>0</segmented>
	<object>
		<name>sofa</name>
		<pose>Unspecified</pose>
		<truncated>0</truncated>
		<difficult>0</difficult>
		<bndbox>
			<xmin>37</xmin>
			<ymin>126</ymin>
			<xmax>374</xmax>
			<ymax>301</ymax>
		</bndbox>
	</object>
	<object>
		<name>car</name>
		<pose>Unspecified</pose>
		<truncated>0</truncated>
		<difficult>0</difficult>
		<bndbox>
			<xmin>335</xmin>
			<ymin>55</ymin>
			<xmax>472</xmax>
			<ymax>159</ymax>
		</bndbox>
	</object>
	<object>
		<name>car</name>
		<pose>Unspecified</pose>
		<truncated>1</truncated>
		<difficult>0</difficult>
		<bndbox>
			<xmin>440</xmin>
			<ymin>95</ymin>
			<xmax>500</xmax>
			<ymax>247</ymax>
		</bndbox>
	</object>
	<object>
		<name>car</name>
		<pose>Unspecified</pose>
		<truncated>0</truncated>
		<difficult>0</difficult>
		<bndbox>
			<xmin>441</xmin>
			<ymin>53</ymin>
			<xmax>500</xmax>
			<ymax>81</ymax>
		</bndbox>
	</object>
</annotation>
