<annotation>
	<folder>VOC2007</folder>
	<filename>005188.jpg</filename>
	<source>
		<database>The VOC2007 Database</database>
		<annotation>PASCAL VOC2007</annotation>
		<image>flickr</image>
		<flickrid>314556373</flickrid>
	</source>
	<owner>
		<flickrid>dcsaint</flickrid>
		<name>David Christman</name>
	</owner>
	<size>
		<width>500</width>
		<height>368</height>
		<depth>3</depth>
	</size>
	<segmented>0</segmented>
	<object>
		<name>motorbike</name>
		<pose>Left</pose>
		<truncated>0</truncated>
		<difficult>0</difficult>
		<bndbox>
			<xmin>9</xmin>
			<ymin>19</ymin>
			<xmax>500</xmax>
			<ymax>354</ymax>
		</bndbox>
	</object>
</annotation>
