<annotation>
	<folder>VOC2007</folder>
	<filename>005189.jpg</filename>
	<source>
		<database>The VOC2007 Database</database>
		<annotation>PASCAL VOC2007</annotation>
		<image>flickr</image>
		<flickrid>333608032</flickrid>
	</source>
	<owner>
		<flickrid>you like ashley</flickrid>
		<name>ashley s</name>
	</owner>
	<size>
		<width>500</width>
		<height>405</height>
		<depth>3</depth>
	</size>
	<segmented>0</segmented>
	<object>
		<name>person</name>
		<pose>Frontal</pose>
		<truncated>1</truncated>
		<difficult>0</difficult>
		<bndbox>
			<xmin>139</xmin>
			<ymin>45</ymin>
			<xmax>500</xmax>
			<ymax>404</ymax>
		</bndbox>
	</object>
	<object>
		<name>person</name>
		<pose>Frontal</pose>
		<truncated>1</truncated>
		<difficult>0</difficult>
		<bndbox>
			<xmin>2</xmin>
			<ymin>1</ymin>
			<xmax>305</xmax>
			<ymax>404</ymax>
		</bndbox>
	</object>
</annotation>
