<annotation>
	<folder>VOC2007</folder>
	<filename>005162.jpg</filename>
	<source>
		<database>The VOC2007 Database</database>
		<annotation>PASCAL VOC2007</annotation>
		<image>flickr</image>
		<flickrid>310820978</flickrid>
	</source>
	<owner>
		<flickrid>bsmith4815</flickrid>
		<name>B Smith</name>
	</owner>
	<size>
		<width>333</width>
		<height>500</height>
		<depth>3</depth>
	</size>
	<segmented>0</segmented>
	<object>
		<name>person</name>
		<pose>Unspecified</pose>
		<truncated>0</truncated>
		<difficult>0</difficult>
		<bndbox>
			<xmin>126</xmin>
			<ymin>170</ymin>
			<xmax>234</xmax>
			<ymax>239</ymax>
		</bndbox>
	</object>
</annotation>
