<annotation>
	<folder>VOC2007</folder>
	<filename>005177.jpg</filename>
	<source>
		<database>The VOC2007 Database</database>
		<annotation>PASCAL VOC2007</annotation>
		<image>flickr</image>
		<flickrid>289618018</flickrid>
	</source>
	<owner>
		<flickrid>Captain iivii</flickrid>
		<name>iivii Regin-Johnston</name>
	</owner>
	<size>
		<width>377</width>
		<height>500</height>
		<depth>3</depth>
	</size>
	<segmented>0</segmented>
	<object>
		<name>sofa</name>
		<pose>Frontal</pose>
		<truncated>0</truncated>
		<difficult>0</difficult>
		<bndbox>
			<xmin>7</xmin>
			<ymin>179</ymin>
			<xmax>377</xmax>
			<ymax>363</ymax>
		</bndbox>
	</object>
</annotation>
