<annotation>
	<folder>VOC2007</folder>
	<filename>005200.jpg</filename>
	<source>
		<database>The VOC2007 Database</database>
		<annotation>PASCAL VOC2007</annotation>
		<image>flickr</image>
		<flickrid>328656794</flickrid>
	</source>
	<owner>
		<flickrid>sosgatinhos</flickrid>
		<name>leila galv?o</name>
	</owner>
	<size>
		<width>500</width>
		<height>357</height>
		<depth>3</depth>
	</size>
	<segmented>0</segmented>
	<object>
		<name>cat</name>
		<pose>Left</pose>
		<truncated>0</truncated>
		<difficult>0</difficult>
		<bndbox>
			<xmin>97</xmin>
			<ymin>12</ymin>
			<xmax>445</xmax>
			<ymax>144</ymax>
		</bndbox>
	</object>
</annotation>
