<annotation>
	<folder>VOC2007</folder>
	<filename>005228.jpg</filename>
	<source>
		<database>The VOC2007 Database</database>
		<annotation>PASCAL VOC2007</annotation>
		<image>flickr</image>
		<flickrid>232110014</flickrid>
	</source>
	<owner>
		<flickrid>mak506</flickrid>
		<name>Meg</name>
	</owner>
	<size>
		<width>500</width>
		<height>219</height>
		<depth>3</depth>
	</size>
	<segmented>0</segmented>
	<object>
		<name>cat</name>
		<pose>Left</pose>
		<truncated>0</truncated>
		<difficult>0</difficult>
		<bndbox>
			<xmin>295</xmin>
			<ymin>96</ymin>
			<xmax>500</xmax>
			<ymax>219</ymax>
		</bndbox>
	</object>
	<object>
		<name>cat</name>
		<pose>Unspecified</pose>
		<truncated>0</truncated>
		<difficult>0</difficult>
		<bndbox>
			<xmin>26</xmin>
			<ymin>81</ymin>
			<xmax>195</xmax>
			<ymax>198</ymax>
		</bndbox>
	</object>
</annotation>
