<annotation>
	<folder>VOC2007</folder>
	<filename>005214.jpg</filename>
	<source>
		<database>The VOC2007 Database</database>
		<annotation>PASCAL VOC2007</annotation>
		<image>flickr</image>
		<flickrid>216258012</flickrid>
	</source>
	<owner>
		<flickrid>MooG images</flickrid>
		<name>Kris Grainger</name>
	</owner>
	<size>
		<width>500</width>
		<height>381</height>
		<depth>3</depth>
	</size>
	<segmented>0</segmented>
	<object>
		<name>train</name>
		<pose>Unspecified</pose>
		<truncated>1</truncated>
		<difficult>0</difficult>
		<bndbox>
			<xmin>1</xmin>
			<ymin>14</ymin>
			<xmax>500</xmax>
			<ymax>381</ymax>
		</bndbox>
	</object>
</annotation>
