<annotation>
	<folder>VOC2007</folder>
	<filename>005375.jpg</filename>
	<source>
		<database>The VOC2007 Database</database>
		<annotation>PASCAL VOC2007</annotation>
		<image>flickr</image>
		<flickrid>328278969</flickrid>
	</source>
	<owner>
		<flickrid>Jan Egil Kristiansen</flickrid>
		<name>Jan Egil Kristiansen</name>
	</owner>
	<size>
		<width>500</width>
		<height>375</height>
		<depth>3</depth>
	</size>
	<segmented>0</segmented>
	<object>
		<name>tvmonitor</name>
		<pose>Left</pose>
		<truncated>0</truncated>
		<difficult>0</difficult>
		<bndbox>
			<xmin>361</xmin>
			<ymin>199</ymin>
			<xmax>459</xmax>
			<ymax>268</ymax>
		</bndbox>
	</object>
	<object>
		<name>person</name>
		<pose>Unspecified</pose>
		<truncated>0</truncated>
		<difficult>0</difficult>
		<bndbox>
			<xmin>227</xmin>
			<ymin>159</ymin>
			<xmax>351</xmax>
			<ymax>300</ymax>
		</bndbox>
	</object>
</annotation>
