<annotation>
	<folder>VOC2007</folder>
	<filename>005361.jpg</filename>
	<source>
		<database>The VOC2007 Database</database>
		<annotation>PASCAL VOC2007</annotation>
		<image>flickr</image>
		<flickrid>288909289</flickrid>
	</source>
	<owner>
		<flickrid>liza31337</flickrid>
		<name>Liza</name>
	</owner>
	<size>
		<width>500</width>
		<height>500</height>
		<depth>3</depth>
	</size>
	<segmented>0</segmented>
	<object>
		<name>dog</name>
		<pose>Right</pose>
		<truncated>1</truncated>
		<difficult>0</difficult>
		<bndbox>
			<xmin>1</xmin>
			<ymin>98</ymin>
			<xmax>457</xmax>
			<ymax>487</ymax>
		</bndbox>
	</object>
</annotation>
