<annotation>
	<folder>VOC2007</folder>
	<filename>005413.jpg</filename>
	<source>
		<database>The VOC2007 Database</database>
		<annotation>PASCAL VOC2007</annotation>
		<image>flickr</image>
		<flickrid>301787831</flickrid>
	</source>
	<owner>
		<flickrid>daveyboyhill</flickrid>
		<name>David Hill</name>
	</owner>
	<size>
		<width>375</width>
		<height>500</height>
		<depth>3</depth>
	</size>
	<segmented>0</segmented>
	<object>
		<name>person</name>
		<pose>Frontal</pose>
		<truncated>0</truncated>
		<difficult>0</difficult>
		<bndbox>
			<xmin>60</xmin>
			<ymin>101</ymin>
			<xmax>228</xmax>
			<ymax>499</ymax>
		</bndbox>
		<part>
			<name>head</name>
			<bndbox>
				<xmin>121.6506</xmin>
				<ymin>103.8035</ymin>
				<xmax>168.1232</xmax>
				<ymax>167.0733</ymax>
			</bndbox>
		</part>
		<part>
			<name>hand</name>
			<bndbox>
				<xmin>214.0358</xmin>
				<ymin>296.4127</ymin>
				<xmax>228.0336</xmax>
				<ymax>310.4104</ymax>
			</bndbox>
		</part>
		<part>
			<name>hand</name>
			<bndbox>
				<xmin>82.4569</xmin>
				<ymin>249.3802</ymin>
				<xmax>105.9731</xmax>
				<ymax>275.696</ymax>
			</bndbox>
		</part>
	</object>
	<object>
		<name>boat</name>
		<pose>Unspecified</pose>
		<truncated>1</truncated>
		<difficult>1</difficult>
		<bndbox>
			<xmin>5</xmin>
			<ymin>368</ymin>
			<xmax>98</xmax>
			<ymax>428</ymax>
		</bndbox>
	</object>
</annotation>
