<annotation>
	<folder>VOC2007</folder>
	<filename>005572.jpg</filename>
	<source>
		<database>The VOC2007 Database</database>
		<annotation>PASCAL VOC2007</annotation>
		<image>flickr</image>
		<flickrid>309560156</flickrid>
	</source>
	<owner>
		<flickrid>SheepGuardingLlama</flickrid>
		<name>Scott Miller</name>
	</owner>
	<size>
		<width>500</width>
		<height>435</height>
		<depth>3</depth>
	</size>
	<segmented>0</segmented>
	<object>
		<name>horse</name>
		<pose>Unspecified</pose>
		<truncated>1</truncated>
		<difficult>0</difficult>
		<bndbox>
			<xmin>133</xmin>
			<ymin>78</ymin>
			<xmax>460</xmax>
			<ymax>433</ymax>
		</bndbox>
	</object>
</annotation>
