<annotation>
	<folder>VOC2007</folder>
	<filename>005638.jpg</filename>
	<source>
		<database>The VOC2007 Database</database>
		<annotation>PASCAL VOC2007</annotation>
		<image>flickr</image>
		<flickrid>333035908</flickrid>
	</source>
	<owner>
		<flickrid>eshanks</flickrid>
		<name>Eric Shanks</name>
	</owner>
	<size>
		<width>500</width>
		<height>333</height>
		<depth>3</depth>
	</size>
	<segmented>0</segmented>
	<object>
		<name>person</name>
		<pose>Frontal</pose>
		<truncated>1</truncated>
		<difficult>0</difficult>
		<part>
			<name>head</name>
			<bndbox>
				<xmin>215</xmin>
				<ymin>92</ymin>
				<xmax>261</xmax>
				<ymax>155</ymax>
			</bndbox>
		</part>
		<part>
			<name>hand</name>
			<bndbox>
				<xmin>338</xmin>
				<ymin>161</ymin>
				<xmax>360</xmax>
				<ymax>200</ymax>
			</bndbox>
		</part>
		<part>
			<name>hand</name>
			<bndbox>
				<xmin>74</xmin>
				<ymin>210</ymin>
				<xmax>109</xmax>
				<ymax>243</ymax>
			</bndbox>
		</part>
		<bndbox>
			<xmin>73</xmin>
			<ymin>89</ymin>
			<xmax>362</xmax>
			<ymax>333</ymax>
		</bndbox>
	</object>
	<object>
		<name>car</name>
		<pose>Rear</pose>
		<truncated>1</truncated>
		<difficult>0</difficult>
		<bndbox>
			<xmin>164</xmin>
			<ymin>181</ymin>
			<xmax>500</xmax>
			<ymax>333</ymax>
		</bndbox>
	</object>
</annotation>
