<annotation>
	<folder>VOC2007</folder>
	<filename>005604.jpg</filename>
	<source>
		<database>The VOC2007 Database</database>
		<annotation>PASCAL VOC2007</annotation>
		<image>flickr</image>
		<flickrid>328605953</flickrid>
	</source>
	<owner>
		<flickrid>eduardo.peiro</flickrid>
		<name>Eduardo Peir?</name>
	</owner>
	<size>
		<width>375</width>
		<height>500</height>
		<depth>3</depth>
	</size>
	<segmented>0</segmented>
	<object>
		<name>boat</name>
		<pose>Left</pose>
		<truncated>0</truncated>
		<difficult>0</difficult>
		<bndbox>
			<xmin>41</xmin>
			<ymin>312</ymin>
			<xmax>106</xmax>
			<ymax>415</ymax>
		</bndbox>
	</object>
	<object>
		<name>boat</name>
		<pose>Right</pose>
		<truncated>1</truncated>
		<difficult>0</difficult>
		<bndbox>
			<xmin>285</xmin>
			<ymin>414</ymin>
			<xmax>375</xmax>
			<ymax>455</ymax>
		</bndbox>
	</object>
	<object>
		<name>boat</name>
		<pose>Right</pose>
		<truncated>1</truncated>
		<difficult>0</difficult>
		<bndbox>
			<xmin>1</xmin>
			<ymin>1</ymin>
			<xmax>319</xmax>
			<ymax>465</ymax>
		</bndbox>
	</object>
</annotation>
