<annotation>
	<folder>VOC2007</folder>
	<filename>005639.jpg</filename>
	<source>
		<database>The VOC2007 Database</database>
		<annotation>PASCAL VOC2007</annotation>
		<image>flickr</image>
		<flickrid>263888745</flickrid>
	</source>
	<owner>
		<flickrid>Timmo</flickrid>
		<name>Tim Rogers</name>
	</owner>
	<size>
		<width>500</width>
		<height>375</height>
		<depth>3</depth>
	</size>
	<segmented>0</segmented>
	<object>
		<name>bicycle</name>
		<pose>Right</pose>
		<truncated>0</truncated>
		<difficult>0</difficult>
		<bndbox>
			<xmin>197</xmin>
			<ymin>174</ymin>
			<xmax>322</xmax>
			<ymax>273</ymax>
		</bndbox>
	</object>
	<object>
		<name>person</name>
		<pose>Unspecified</pose>
		<truncated>1</truncated>
		<difficult>0</difficult>
		<bndbox>
			<xmin>250</xmin>
			<ymin>130</ymin>
			<xmax>308</xmax>
			<ymax>209</ymax>
		</bndbox>
	</object>
</annotation>
