<annotation>
	<folder>VOC2007</folder>
	<filename>005764.jpg</filename>
	<source>
		<database>The VOC2007 Database</database>
		<annotation>PASCAL VOC2007</annotation>
		<image>flickr</image>
		<flickrid>330591640</flickrid>
	</source>
	<owner>
		<flickrid>peleven</flickrid>
		<name>?</name>
	</owner>
	<size>
		<width>375</width>
		<height>500</height>
		<depth>3</depth>
	</size>
	<segmented>0</segmented>
	<object>
		<name>person</name>
		<pose>Right</pose>
		<truncated>0</truncated>
		<difficult>0</difficult>
		<bndbox>
			<xmin>1</xmin>
			<ymin>17</ymin>
			<xmax>109</xmax>
			<ymax>461</ymax>
		</bndbox>
		<part>
			<name>head</name>
			<bndbox>
				<xmin>26.4658</xmin>
				<ymin>17.5773</ymin>
				<xmax>77.9776</xmax>
				<ymax>87.0062</ymax>
			</bndbox>
		</part>
		<part>
			<name>hand</name>
			<bndbox>
				<xmin>56.701</xmin>
				<ymin>233.7027</ymin>
				<xmax>83.5767</xmax>
				<ymax>258.3387</ymax>
			</bndbox>
		</part>
		<part>
			<name>foot</name>
			<bndbox>
				<xmin>48.3024</xmin>
				<ymin>384.3186</ymin>
				<xmax>106.533</xmax>
				<ymax>405.5952</ymax>
			</bndbox>
		</part>
		<part>
			<name>foot</name>
			<bndbox>
				<xmin>1</xmin>
				<ymin>428.5515</ymin>
				<xmax>47.7424</xmax>
				<ymax>458.7867</ymax>
			</bndbox>
		</part>
	</object>
</annotation>
