<annotation>
	<folder>VOC2007</folder>
	<filename>005836.jpg</filename>
	<source>
		<database>The VOC2007 Database</database>
		<annotation>PASCAL VOC2007</annotation>
		<image>flickr</image>
		<flickrid>315633312</flickrid>
	</source>
	<owner>
		<flickrid>tagp</flickrid>
		<name>?</name>
	</owner>
	<size>
		<width>333</width>
		<height>500</height>
		<depth>3</depth>
	</size>
	<segmented>0</segmented>
	<object>
		<name>person</name>
		<pose>Unspecified</pose>
		<truncated>1</truncated>
		<difficult>1</difficult>
		<bndbox>
			<xmin>1</xmin>
			<ymin>203</ymin>
			<xmax>75</xmax>
			<ymax>499</ymax>
		</bndbox>
	</object>
	<object>
		<name>person</name>
		<pose>Right</pose>
		<truncated>1</truncated>
		<difficult>0</difficult>
		<bndbox>
			<xmin>71</xmin>
			<ymin>40</ymin>
			<xmax>263</xmax>
			<ymax>500</ymax>
		</bndbox>
	</object>
</annotation>
