<annotation>
	<folder>VOC2007</folder>
	<filename>005822.jpg</filename>
	<source>
		<database>The VOC2007 Database</database>
		<annotation>PASCAL VOC2007</annotation>
		<image>flickr</image>
		<flickrid>215441554</flickrid>
	</source>
	<owner>
		<flickrid>Rock and Racehorses</flickrid>
		<name>Alibhai's Alibar</name>
	</owner>
	<size>
		<width>491</width>
		<height>500</height>
		<depth>3</depth>
	</size>
	<segmented>0</segmented>
	<object>
		<name>person</name>
		<pose>Left</pose>
		<truncated>1</truncated>
		<difficult>0</difficult>
		<bndbox>
			<xmin>161</xmin>
			<ymin>200</ymin>
			<xmax>422</xmax>
			<ymax>500</ymax>
		</bndbox>
	</object>
	<object>
		<name>horse</name>
		<pose>Unspecified</pose>
		<truncated>1</truncated>
		<difficult>0</difficult>
		<bndbox>
			<xmin>80</xmin>
			<ymin>19</ymin>
			<xmax>491</xmax>
			<ymax>500</ymax>
		</bndbox>
	</object>
</annotation>
