<annotation>
	<folder>VOC2007</folder>
	<filename>005837.jpg</filename>
	<source>
		<database>The VOC2007 Database</database>
		<annotation>PASCAL VOC2007</annotation>
		<image>flickr</image>
		<flickrid>269698522</flickrid>
	</source>
	<owner>
		<flickrid>Kasia/flickr</flickrid>
		<name>?</name>
	</owner>
	<size>
		<width>500</width>
		<height>375</height>
		<depth>3</depth>
	</size>
	<segmented>0</segmented>
	<object>
		<name>train</name>
		<pose>Unspecified</pose>
		<truncated>1</truncated>
		<difficult>0</difficult>
		<bndbox>
			<xmin>1</xmin>
			<ymin>30</ymin>
			<xmax>395</xmax>
			<ymax>365</ymax>
		</bndbox>
	</object>
</annotation>
