<annotation>
	<folder>VOC2007</folder>
	<filename>005994.jpg</filename>
	<source>
		<database>The VOC2007 Database</database>
		<annotation>PASCAL VOC2007</annotation>
		<image>flickr</image>
		<flickrid>337991297</flickrid>
	</source>
	<owner>
		<flickrid>my hips don't lie</flickrid>
		<name>liz</name>
	</owner>
	<size>
		<width>500</width>
		<height>333</height>
		<depth>3</depth>
	</size>
	<segmented>0</segmented>
	<object>
		<name>chair</name>
		<pose>Unspecified</pose>
		<truncated>1</truncated>
		<difficult>1</difficult>
		<bndbox>
			<xmin>1</xmin>
			<ymin>253</ymin>
			<xmax>34</xmax>
			<ymax>279</ymax>
		</bndbox>
	</object>
	<object>
		<name>chair</name>
		<pose>Unspecified</pose>
		<truncated>1</truncated>
		<difficult>1</difficult>
		<bndbox>
			<xmin>2</xmin>
			<ymin>269</ymin>
			<xmax>54</xmax>
			<ymax>333</ymax>
		</bndbox>
	</object>
	<object>
		<name>chair</name>
		<pose>Unspecified</pose>
		<truncated>1</truncated>
		<difficult>1</difficult>
		<bndbox>
			<xmin>54</xmin>
			<ymin>250</ymin>
			<xmax>101</xmax>
			<ymax>273</ymax>
		</bndbox>
	</object>
	<object>
		<name>chair</name>
		<pose>Unspecified</pose>
		<truncated>1</truncated>
		<difficult>1</difficult>
		<bndbox>
			<xmin>84</xmin>
			<ymin>260</ymin>
			<xmax>144</xmax>
			<ymax>293</ymax>
		</bndbox>
	</object>
	<object>
		<name>person</name>
		<pose>Left</pose>
		<truncated>1</truncated>
		<difficult>0</difficult>
		<bndbox>
			<xmin>135</xmin>
			<ymin>93</ymin>
			<xmax>346</xmax>
			<ymax>333</ymax>
		</bndbox>
		<part>
			<name>head</name>
			<bndbox>
				<xmin>185.379</xmin>
				<ymin>93.6129</ymin>
				<xmax>264.8145</xmax>
				<ymax>189.9839</ymax>
			</bndbox>
		</part>
		<part>
			<name>hand</name>
			<bndbox>
				<xmin>147.0726</xmin>
				<ymin>263.7742</ymin>
				<xmax>192.6371</xmax>
				<ymax>288.7742</ymax>
			</bndbox>
		</part>
		<part>
			<name>hand</name>
			<bndbox>
				<xmin>134.1694</xmin>
				<ymin>283.129</ymin>
				<xmax>194.6532</xmax>
				<ymax>316.5968</ymax>
			</bndbox>
		</part>
	</object>
	<object>
		<name>diningtable</name>
		<pose>Unspecified</pose>
		<truncated>1</truncated>
		<difficult>1</difficult>
		<bndbox>
			<xmin>2</xmin>
			<ymin>261</ymin>
			<xmax>148</xmax>
			<ymax>333</ymax>
		</bndbox>
	</object>
</annotation>
