<annotation>
	<folder>VOC2007</folder>
	<filename>005980.jpg</filename>
	<source>
		<database>The VOC2007 Database</database>
		<annotation>PASCAL VOC2007</annotation>
		<image>flickr</image>
		<flickrid>339539320</flickrid>
	</source>
	<owner>
		<flickrid>Y0nderb0y</flickrid>
		<name>Frank Roberts</name>
	</owner>
	<size>
		<width>500</width>
		<height>375</height>
		<depth>3</depth>
	</size>
	<segmented>0</segmented>
	<object>
		<name>cat</name>
		<pose>Frontal</pose>
		<truncated>0</truncated>
		<difficult>0</difficult>
		<bndbox>
			<xmin>53</xmin>
			<ymin>8</ymin>
			<xmax>420</xmax>
			<ymax>312</ymax>
		</bndbox>
	</object>
</annotation>
