<annotation>
	<folder>VOC2007</folder>
	<filename>006053.jpg</filename>
	<source>
		<database>The VOC2007 Database</database>
		<annotation>PASCAL VOC2007</annotation>
		<image>flickr</image>
		<flickrid>59731316</flickrid>
	</source>
	<owner>
		<flickrid>dbcnwa</flickrid>
		<name>David B. Carrizo</name>
	</owner>
	<size>
		<width>333</width>
		<height>500</height>
		<depth>3</depth>
	</size>
	<segmented>0</segmented>
	<object>
		<name>bird</name>
		<pose>Frontal</pose>
		<truncated>1</truncated>
		<difficult>0</difficult>
		<bndbox>
			<xmin>1</xmin>
			<ymin>107</ymin>
			<xmax>291</xmax>
			<ymax>500</ymax>
		</bndbox>
	</object>
</annotation>
