<annotation>
	<folder>VOC2007</folder>
	<filename>006084.jpg</filename>
	<source>
		<database>The VOC2007 Database</database>
		<annotation>PASCAL VOC2007</annotation>
		<image>flickr</image>
		<flickrid>338194574</flickrid>
	</source>
	<owner>
		<flickrid>holly1994</flickrid>
		<name>Holly</name>
	</owner>
	<size>
		<width>500</width>
		<height>375</height>
		<depth>3</depth>
	</size>
	<segmented>0</segmented>
	<object>
		<name>cat</name>
		<pose>Unspecified</pose>
		<truncated>1</truncated>
		<difficult>0</difficult>
		<bndbox>
			<xmin>141</xmin>
			<ymin>64</ymin>
			<xmax>500</xmax>
			<ymax>282</ymax>
		</bndbox>
	</object>
</annotation>
