<annotation>
	<folder>VOC2007</folder>
	<filename>006127.jpg</filename>
	<source>
		<database>The VOC2007 Database</database>
		<annotation>PASCAL VOC2007</annotation>
		<image>flickr</image>
		<flickrid>256768687</flickrid>
	</source>
	<owner>
		<flickrid>Thueringer</flickrid>
		<name>Detlef Moldenhauer</name>
	</owner>
	<size>
		<width>375</width>
		<height>500</height>
		<depth>3</depth>
	</size>
	<segmented>0</segmented>
	<object>
		<name>train</name>
		<pose>Frontal</pose>
		<truncated>0</truncated>
		<difficult>0</difficult>
		<bndbox>
			<xmin>1</xmin>
			<ymin>125</ymin>
			<xmax>310</xmax>
			<ymax>421</ymax>
		</bndbox>
	</object>
</annotation>
