<annotation>
	<folder>VOC2007</folder>
	<filename>006251.jpg</filename>
	<source>
		<database>The VOC2007 Database</database>
		<annotation>PASCAL VOC2007</annotation>
		<image>flickr</image>
		<flickrid>317165504</flickrid>
	</source>
	<owner>
		<flickrid>caderninho ilustrado</flickrid>
		<name>?</name>
	</owner>
	<size>
		<width>500</width>
		<height>375</height>
		<depth>3</depth>
	</size>
	<segmented>0</segmented>
	<object>
		<name>sheep</name>
		<pose>Left</pose>
		<truncated>0</truncated>
		<difficult>0</difficult>
		<bndbox>
			<xmin>75</xmin>
			<ymin>238</ymin>
			<xmax>146</xmax>
			<ymax>286</ymax>
		</bndbox>
	</object>
	<object>
		<name>sheep</name>
		<pose>Left</pose>
		<truncated>1</truncated>
		<difficult>0</difficult>
		<bndbox>
			<xmin>160</xmin>
			<ymin>221</ymin>
			<xmax>201</xmax>
			<ymax>255</ymax>
		</bndbox>
	</object>
	<object>
		<name>sheep</name>
		<pose>Right</pose>
		<truncated>1</truncated>
		<difficult>0</difficult>
		<bndbox>
			<xmin>127</xmin>
			<ymin>232</ymin>
			<xmax>179</xmax>
			<ymax>269</ymax>
		</bndbox>
	</object>
	<object>
		<name>sheep</name>
		<pose>Rear</pose>
		<truncated>0</truncated>
		<difficult>0</difficult>
		<bndbox>
			<xmin>397</xmin>
			<ymin>225</ymin>
			<xmax>426</xmax>
			<ymax>263</ymax>
		</bndbox>
	</object>
	<object>
		<name>sheep</name>
		<pose>Unspecified</pose>
		<truncated>0</truncated>
		<difficult>0</difficult>
		<bndbox>
			<xmin>323</xmin>
			<ymin>222</ymin>
			<xmax>361</xmax>
			<ymax>260</ymax>
		</bndbox>
	</object>
	<object>
		<name>sheep</name>
		<pose>Unspecified</pose>
		<truncated>0</truncated>
		<difficult>0</difficult>
		<bndbox>
			<xmin>227</xmin>
			<ymin>232</ymin>
			<xmax>272</xmax>
			<ymax>269</ymax>
		</bndbox>
	</object>
	<object>
		<name>sheep</name>
		<pose>Unspecified</pose>
		<truncated>1</truncated>
		<difficult>1</difficult>
		<bndbox>
			<xmin>259</xmin>
			<ymin>220</ymin>
			<xmax>293</xmax>
			<ymax>256</ymax>
		</bndbox>
	</object>
	<object>
		<name>sheep</name>
		<pose>Right</pose>
		<truncated>0</truncated>
		<difficult>0</difficult>
		<bndbox>
			<xmin>170</xmin>
			<ymin>199</ymin>
			<xmax>203</xmax>
			<ymax>221</ymax>
		</bndbox>
	</object>
	<object>
		<name>sheep</name>
		<pose>Unspecified</pose>
		<truncated>0</truncated>
		<difficult>1</difficult>
		<bndbox>
			<xmin>220</xmin>
			<ymin>202</ymin>
			<xmax>238</xmax>
			<ymax>220</ymax>
		</bndbox>
	</object>
	<object>
		<name>sheep</name>
		<pose>Unspecified</pose>
		<truncated>1</truncated>
		<difficult>1</difficult>
		<bndbox>
			<xmin>379</xmin>
			<ymin>223</ymin>
			<xmax>400</xmax>
			<ymax>247</ymax>
		</bndbox>
	</object>
	<object>
		<name>sheep</name>
		<pose>Right</pose>
		<truncated>0</truncated>
		<difficult>0</difficult>
		<bndbox>
			<xmin>358</xmin>
			<ymin>199</ymin>
			<xmax>382</xmax>
			<ymax>218</ymax>
		</bndbox>
	</object>
	<object>
		<name>sheep</name>
		<pose>Unspecified</pose>
		<truncated>0</truncated>
		<difficult>1</difficult>
		<bndbox>
			<xmin>383</xmin>
			<ymin>199</ymin>
			<xmax>408</xmax>
			<ymax>218</ymax>
		</bndbox>
	</object>
	<object>
		<name>sheep</name>
		<pose>Unspecified</pose>
		<truncated>1</truncated>
		<difficult>1</difficult>
		<bndbox>
			<xmin>275</xmin>
			<ymin>211</ymin>
			<xmax>302</xmax>
			<ymax>237</ymax>
		</bndbox>
	</object>
</annotation>
