<annotation>
	<folder>VOC2007</folder>
	<filename>006279.jpg</filename>
	<source>
		<database>The VOC2007 Database</database>
		<annotation>PASCAL VOC2007</annotation>
		<image>flickr</image>
		<flickrid>317060264</flickrid>
	</source>
	<owner>
		<flickrid>bauple58</flickrid>
		<name>Mark</name>
	</owner>
	<size>
		<width>500</width>
		<height>375</height>
		<depth>3</depth>
	</size>
	<segmented>0</segmented>
	<object>
		<name>aeroplane</name>
		<pose>Right</pose>
		<truncated>0</truncated>
		<difficult>0</difficult>
		<bndbox>
			<xmin>31</xmin>
			<ymin>127</ymin>
			<xmax>499</xmax>
			<ymax>244</ymax>
		</bndbox>
	</object>
</annotation>
