<annotation>
	<folder>VOC2007</folder>
	<filename>006245.jpg</filename>
	<source>
		<database>The VOC2007 Database</database>
		<annotation>PASCAL VOC2007</annotation>
		<image>flickr</image>
		<flickrid>331131641</flickrid>
	</source>
	<owner>
		<flickrid>Mollissima!</flickrid>
		<name>Molly Kenefick</name>
	</owner>
	<size>
		<width>500</width>
		<height>375</height>
		<depth>3</depth>
	</size>
	<segmented>0</segmented>
	<object>
		<name>dog</name>
		<pose>Unspecified</pose>
		<truncated>1</truncated>
		<difficult>0</difficult>
		<bndbox>
			<xmin>1</xmin>
			<ymin>3</ymin>
			<xmax>332</xmax>
			<ymax>375</ymax>
		</bndbox>
	</object>
</annotation>
