<annotation>
	<folder>VOC2007</folder>
	<filename>006331.jpg</filename>
	<source>
		<database>The VOC2007 Database</database>
		<annotation>PASCAL VOC2007</annotation>
		<image>flickr</image>
		<flickrid>306230858</flickrid>
	</source>
	<owner>
		<flickrid>octaneguy95</flickrid>
		<name>Richard Lin</name>
	</owner>
	<size>
		<width>500</width>
		<height>332</height>
		<depth>3</depth>
	</size>
	<segmented>0</segmented>
	<object>
		<name>car</name>
		<pose>Rear</pose>
		<truncated>0</truncated>
		<difficult>0</difficult>
		<bndbox>
			<xmin>98</xmin>
			<ymin>89</ymin>
			<xmax>397</xmax>
			<ymax>279</ymax>
		</bndbox>
	</object>
	<object>
		<name>car</name>
		<pose>Unspecified</pose>
		<truncated>0</truncated>
		<difficult>1</difficult>
		<bndbox>
			<xmin>272</xmin>
			<ymin>76</ymin>
			<xmax>291</xmax>
			<ymax>90</ymax>
		</bndbox>
	</object>
</annotation>
