<annotation>
	<folder>VOC2007</folder>
	<filename>006318.jpg</filename>
	<source>
		<database>The VOC2007 Database</database>
		<annotation>PASCAL VOC2007</annotation>
		<image>flickr</image>
		<flickrid>242764924</flickrid>
	</source>
	<owner>
		<flickrid>aaronpropst</flickrid>
		<name>?</name>
	</owner>
	<size>
		<width>500</width>
		<height>375</height>
		<depth>3</depth>
	</size>
	<segmented>0</segmented>
	<object>
		<name>cat</name>
		<pose>Unspecified</pose>
		<truncated>0</truncated>
		<difficult>0</difficult>
		<bndbox>
			<xmin>234</xmin>
			<ymin>130</ymin>
			<xmax>360</xmax>
			<ymax>309</ymax>
		</bndbox>
	</object>
</annotation>
