<annotation>
	<folder>VOC2007</folder>
	<filename>006325.jpg</filename>
	<source>
		<database>The VOC2007 Database</database>
		<annotation>PASCAL VOC2007</annotation>
		<image>flickr</image>
		<flickrid>337281451</flickrid>
	</source>
	<owner>
		<flickrid>Vaguely Artistic</flickrid>
		<name>Joyce</name>
	</owner>
	<size>
		<width>500</width>
		<height>458</height>
		<depth>3</depth>
	</size>
	<segmented>0</segmented>
	<object>
		<name>car</name>
		<pose>Rear</pose>
		<truncated>0</truncated>
		<difficult>0</difficult>
		<bndbox>
			<xmin>276</xmin>
			<ymin>277</ymin>
			<xmax>363</xmax>
			<ymax>353</ymax>
		</bndbox>
	</object>
</annotation>
