<annotation>
	<folder>VOC2007</folder>
	<filename>006494.jpg</filename>
	<source>
		<database>The VOC2007 Database</database>
		<annotation>PASCAL VOC2007</annotation>
		<image>flickr</image>
		<flickrid>182637956</flickrid>
	</source>
	<owner>
		<flickrid>AmyDoyle</flickrid>
		<name>?</name>
	</owner>
	<size>
		<width>375</width>
		<height>500</height>
		<depth>3</depth>
	</size>
	<segmented>0</segmented>
	<object>
		<name>cat</name>
		<pose>Right</pose>
		<truncated>0</truncated>
		<difficult>0</difficult>
		<bndbox>
			<xmin>61</xmin>
			<ymin>101</ymin>
			<xmax>298</xmax>
			<ymax>488</ymax>
		</bndbox>
	</object>
</annotation>
