<annotation>
	<folder>VOC2007</folder>
	<filename>006443.jpg</filename>
	<source>
		<database>The VOC2007 Database</database>
		<annotation>PASCAL VOC2007</annotation>
		<image>flickr</image>
		<flickrid>267302604</flickrid>
	</source>
	<owner>
		<flickrid>Darrenxyz</flickrid>
		<name>Darren Izzard</name>
	</owner>
	<size>
		<width>500</width>
		<height>350</height>
		<depth>3</depth>
	</size>
	<segmented>0</segmented>
	<object>
		<name>aeroplane</name>
		<pose>Unspecified</pose>
		<truncated>0</truncated>
		<difficult>0</difficult>
		<bndbox>
			<xmin>117</xmin>
			<ymin>131</ymin>
			<xmax>295</xmax>
			<ymax>216</ymax>
		</bndbox>
	</object>
</annotation>
