<annotation>
	<folder>VOC2007</folder>
	<filename>006495.jpg</filename>
	<source>
		<database>The VOC2007 Database</database>
		<annotation>PASCAL VOC2007</annotation>
		<image>flickr</image>
		<flickrid>339687058</flickrid>
	</source>
	<owner>
		<flickrid>MichaelBriggs</flickrid>
		<name>Mike Briggs</name>
	</owner>
	<size>
		<width>500</width>
		<height>375</height>
		<depth>3</depth>
	</size>
	<segmented>0</segmented>
	<object>
		<name>cat</name>
		<pose>Rear</pose>
		<truncated>0</truncated>
		<difficult>0</difficult>
		<bndbox>
			<xmin>196</xmin>
			<ymin>150</ymin>
			<xmax>338</xmax>
			<ymax>365</ymax>
		</bndbox>
	</object>
</annotation>
