<annotation>
	<folder>VOC2007</folder>
	<filename>006457.jpg</filename>
	<source>
		<database>The VOC2007 Database</database>
		<annotation>PASCAL VOC2007</annotation>
		<image>flickr</image>
		<flickrid>330543781</flickrid>
	</source>
	<owner>
		<flickrid>lostfate13</flickrid>
		<name>Heather</name>
	</owner>
	<size>
		<width>500</width>
		<height>438</height>
		<depth>3</depth>
	</size>
	<segmented>0</segmented>
	<object>
		<name>dog</name>
		<pose>Left</pose>
		<truncated>0</truncated>
		<difficult>0</difficult>
		<bndbox>
			<xmin>76</xmin>
			<ymin>25</ymin>
			<xmax>495</xmax>
			<ymax>395</ymax>
		</bndbox>
	</object>
	<object>
		<name>chair</name>
		<pose>Frontal</pose>
		<truncated>1</truncated>
		<difficult>0</difficult>
		<bndbox>
			<xmin>12</xmin>
			<ymin>2</ymin>
			<xmax>500</xmax>
			<ymax>438</ymax>
		</bndbox>
	</object>
</annotation>
