<annotation>
	<folder>VOC2007</folder>
	<filename>006456.jpg</filename>
	<source>
		<database>The VOC2007 Database</database>
		<annotation>PASCAL VOC2007</annotation>
		<image>flickr</image>
		<flickrid>340442611</flickrid>
	</source>
	<owner>
		<flickrid>mullet hunter</flickrid>
		<name>aimee mullethunter</name>
	</owner>
	<size>
		<width>500</width>
		<height>375</height>
		<depth>3</depth>
	</size>
	<segmented>0</segmented>
	<object>
		<name>dog</name>
		<pose>Unspecified</pose>
		<truncated>0</truncated>
		<difficult>0</difficult>
		<bndbox>
			<xmin>48</xmin>
			<ymin>36</ymin>
			<xmax>373</xmax>
			<ymax>313</ymax>
		</bndbox>
	</object>
</annotation>
