<annotation>
	<folder>VOC2007</folder>
	<filename>006523.jpg</filename>
	<source>
		<database>The VOC2007 Database</database>
		<annotation>PASCAL VOC2007</annotation>
		<image>flickr</image>
		<flickrid>196373817</flickrid>
	</source>
	<owner>
		<flickrid>sotos328</flickrid>
		<name>Sotos B</name>
	</owner>
	<size>
		<width>500</width>
		<height>375</height>
		<depth>3</depth>
	</size>
	<segmented>0</segmented>
	<object>
		<name>aeroplane</name>
		<pose>Left</pose>
		<truncated>0</truncated>
		<difficult>0</difficult>
		<bndbox>
			<xmin>189</xmin>
			<ymin>186</ymin>
			<xmax>312</xmax>
			<ymax>230</ymax>
		</bndbox>
	</object>
</annotation>
