<annotation>
	<folder>VOC2007</folder>
	<filename>006655.jpg</filename>
	<source>
		<database>The VOC2007 Database</database>
		<annotation>PASCAL VOC2007</annotation>
		<image>flickr</image>
		<flickrid>330623396</flickrid>
	</source>
	<owner>
		<flickrid>!HabitForming</flickrid>
		<name>Rob Greenleaf</name>
	</owner>
	<size>
		<width>333</width>
		<height>500</height>
		<depth>3</depth>
	</size>
	<segmented>0</segmented>
	<object>
		<name>dog</name>
		<pose>Frontal</pose>
		<truncated>0</truncated>
		<difficult>0</difficult>
		<bndbox>
			<xmin>43</xmin>
			<ymin>161</ymin>
			<xmax>323</xmax>
			<ymax>391</ymax>
		</bndbox>
	</object>
</annotation>
