<annotation>
	<folder>VOC2007</folder>
	<filename>006640.jpg</filename>
	<source>
		<database>The VOC2007 Database</database>
		<annotation>PASCAL VOC2007</annotation>
		<image>flickr</image>
		<flickrid>326079241</flickrid>
	</source>
	<owner>
		<flickrid>worleyx</flickrid>
		<name>Phillip</name>
	</owner>
	<size>
		<width>333</width>
		<height>500</height>
		<depth>3</depth>
	</size>
	<segmented>0</segmented>
	<object>
		<name>bird</name>
		<pose>Rear</pose>
		<truncated>0</truncated>
		<difficult>0</difficult>
		<bndbox>
			<xmin>25</xmin>
			<ymin>22</ymin>
			<xmax>179</xmax>
			<ymax>466</ymax>
		</bndbox>
	</object>
	<object>
		<name>bird</name>
		<pose>Rear</pose>
		<truncated>0</truncated>
		<difficult>0</difficult>
		<bndbox>
			<xmin>179</xmin>
			<ymin>49</ymin>
			<xmax>300</xmax>
			<ymax>500</ymax>
		</bndbox>
	</object>
</annotation>
