<annotation>
	<folder>VOC2007</folder>
	<filename>006641.jpg</filename>
	<source>
		<database>The VOC2007 Database</database>
		<annotation>PASCAL VOC2007</annotation>
		<image>flickr</image>
		<flickrid>341090250</flickrid>
	</source>
	<owner>
		<flickrid>emorpi</flickrid>
		<name>emor</name>
	</owner>
	<size>
		<width>500</width>
		<height>375</height>
		<depth>3</depth>
	</size>
	<segmented>1</segmented>
	<object>
		<name>cat</name>
		<pose>Unspecified</pose>
		<truncated>1</truncated>
		<difficult>0</difficult>
		<bndbox>
			<xmin>1</xmin>
			<ymin>2</ymin>
			<xmax>408</xmax>
			<ymax>375</ymax>
		</bndbox>
	</object>
</annotation>
