<annotation>
	<folder>VOC2007</folder>
	<filename>006735.jpg</filename>
	<source>
		<database>The VOC2007 Database</database>
		<annotation>PASCAL VOC2007</annotation>
		<image>flickr</image>
		<flickrid>270587763</flickrid>
	</source>
	<owner>
		<flickrid>wendie7</flickrid>
		<name>Wendie J</name>
	</owner>
	<size>
		<width>444</width>
		<height>500</height>
		<depth>3</depth>
	</size>
	<segmented>0</segmented>
	<object>
		<name>dog</name>
		<pose>Left</pose>
		<truncated>0</truncated>
		<difficult>0</difficult>
		<bndbox>
			<xmin>40</xmin>
			<ymin>24</ymin>
			<xmax>402</xmax>
			<ymax>490</ymax>
		</bndbox>
	</object>
	<object>
		<name>person</name>
		<pose>Unspecified</pose>
		<truncated>1</truncated>
		<difficult>1</difficult>
		<bndbox>
			<xmin>83</xmin>
			<ymin>2</ymin>
			<xmax>258</xmax>
			<ymax>430</ymax>
		</bndbox>
	</object>
	<object>
		<name>person</name>
		<pose>Unspecified</pose>
		<truncated>1</truncated>
		<difficult>1</difficult>
		<bndbox>
			<xmin>344</xmin>
			<ymin>1</ymin>
			<xmax>436</xmax>
			<ymax>124</ymax>
		</bndbox>
	</object>
</annotation>
