<annotation>
	<folder>VOC2007</folder>
	<filename>006872.jpg</filename>
	<source>
		<database>The VOC2007 Database</database>
		<annotation>PASCAL VOC2007</annotation>
		<image>flickr</image>
		<flickrid>192033559</flickrid>
	</source>
	<owner>
		<flickrid>vj_shikaku</flickrid>
		<name>Miguel Vega</name>
	</owner>
	<size>
		<width>500</width>
		<height>375</height>
		<depth>3</depth>
	</size>
	<segmented>0</segmented>
	<object>
		<name>person</name>
		<pose>Unspecified</pose>
		<truncated>1</truncated>
		<difficult>0</difficult>
		<bndbox>
			<xmin>92</xmin>
			<ymin>71</ymin>
			<xmax>389</xmax>
			<ymax>302</ymax>
		</bndbox>
	</object>
</annotation>
