<annotation>
	<folder>VOC2007</folder>
	<filename>007198.jpg</filename>
	<source>
		<database>The VOC2007 Database</database>
		<annotation>PASCAL VOC2007</annotation>
		<image>flickr</image>
		<flickrid>340148983</flickrid>
	</source>
	<owner>
		<flickrid>The Way You Look at Me</flickrid>
		<name>?</name>
	</owner>
	<size>
		<width>500</width>
		<height>331</height>
		<depth>3</depth>
	</size>
	<segmented>0</segmented>
	<object>
		<name>bird</name>
		<pose>Rear</pose>
		<truncated>0</truncated>
		<difficult>0</difficult>
		<bndbox>
			<xmin>26</xmin>
			<ymin>188</ymin>
			<xmax>75</xmax>
			<ymax>281</ymax>
		</bndbox>
	</object>
	<object>
		<name>bird</name>
		<pose>Unspecified</pose>
		<truncated>0</truncated>
		<difficult>1</difficult>
		<bndbox>
			<xmin>54</xmin>
			<ymin>279</ymin>
			<xmax>114</xmax>
			<ymax>331</ymax>
		</bndbox>
	</object>
	<object>
		<name>bird</name>
		<pose>Unspecified</pose>
		<truncated>1</truncated>
		<difficult>1</difficult>
		<bndbox>
			<xmin>474</xmin>
			<ymin>134</ymin>
			<xmax>500</xmax>
			<ymax>157</ymax>
		</bndbox>
	</object>
	<object>
		<name>bird</name>
		<pose>Unspecified</pose>
		<truncated>1</truncated>
		<difficult>0</difficult>
		<bndbox>
			<xmin>454</xmin>
			<ymin>139</ymin>
			<xmax>500</xmax>
			<ymax>231</ymax>
		</bndbox>
	</object>
</annotation>
