<annotation>
	<folder>VOC2007</folder>
	<filename>007211.jpg</filename>
	<source>
		<database>The VOC2007 Database</database>
		<annotation>PASCAL VOC2007</annotation>
		<image>flickr</image>
		<flickrid>303748484</flickrid>
	</source>
	<owner>
		<flickrid>danloreye</flickrid>
		<name>?</name>
	</owner>
	<size>
		<width>500</width>
		<height>375</height>
		<depth>3</depth>
	</size>
	<segmented>1</segmented>
	<object>
		<name>motorbike</name>
		<pose>Right</pose>
		<truncated>0</truncated>
		<difficult>0</difficult>
		<bndbox>
			<xmin>153</xmin>
			<ymin>173</ymin>
			<xmax>394</xmax>
			<ymax>371</ymax>
		</bndbox>
	</object>
</annotation>
