<annotation>
	<folder>VOC2007</folder>
	<filename>007204.jpg</filename>
	<source>
		<database>The VOC2007 Database</database>
		<annotation>PASCAL VOC2007</annotation>
		<image>flickr</image>
		<flickrid>324718269</flickrid>
	</source>
	<owner>
		<flickrid>Miwa T</flickrid>
		<name>Miwa</name>
	</owner>
	<size>
		<width>320</width>
		<height>240</height>
		<depth>3</depth>
	</size>
	<segmented>0</segmented>
	<object>
		<name>cat</name>
		<pose>Unspecified</pose>
		<truncated>1</truncated>
		<difficult>1</difficult>
		<bndbox>
			<xmin>195</xmin>
			<ymin>1</ymin>
			<xmax>320</xmax>
			<ymax>101</ymax>
		</bndbox>
	</object>
	<object>
		<name>cat</name>
		<pose>Frontal</pose>
		<truncated>1</truncated>
		<difficult>0</difficult>
		<bndbox>
			<xmin>32</xmin>
			<ymin>1</ymin>
			<xmax>274</xmax>
			<ymax>238</ymax>
		</bndbox>
	</object>
</annotation>
