<annotation>
	<folder>VOC2007</folder>
	<filename>007205.jpg</filename>
	<source>
		<database>The VOC2007 Database</database>
		<annotation>PASCAL VOC2007</annotation>
		<image>flickr</image>
		<flickrid>338425997</flickrid>
	</source>
	<owner>
		<flickrid>Julian Stahnke</flickrid>
		<name>Julian Stahnke</name>
	</owner>
	<size>
		<width>500</width>
		<height>375</height>
		<depth>3</depth>
	</size>
	<segmented>0</segmented>
	<object>
		<name>car</name>
		<pose>Rear</pose>
		<truncated>0</truncated>
		<difficult>0</difficult>
		<bndbox>
			<xmin>130</xmin>
			<ymin>149</ymin>
			<xmax>201</xmax>
			<ymax>220</ymax>
		</bndbox>
	</object>
	<object>
		<name>car</name>
		<pose>Unspecified</pose>
		<truncated>1</truncated>
		<difficult>1</difficult>
		<bndbox>
			<xmin>200</xmin>
			<ymin>170</ymin>
			<xmax>223</xmax>
			<ymax>195</ymax>
		</bndbox>
	</object>
	<object>
		<name>car</name>
		<pose>Unspecified</pose>
		<truncated>1</truncated>
		<difficult>0</difficult>
		<bndbox>
			<xmin>10</xmin>
			<ymin>188</ymin>
			<xmax>141</xmax>
			<ymax>325</ymax>
		</bndbox>
	</object>
</annotation>
