<annotation>
	<folder>VOC2007</folder>
	<filename>007239.jpg</filename>
	<source>
		<database>The VOC2007 Database</database>
		<annotation>PASCAL VOC2007</annotation>
		<image>flickr</image>
		<flickrid>338699458</flickrid>
	</source>
	<owner>
		<flickrid>atteuk2003</flickrid>
		<name>Adrian Royle</name>
	</owner>
	<size>
		<width>500</width>
		<height>311</height>
		<depth>3</depth>
	</size>
	<segmented>0</segmented>
	<object>
		<name>bird</name>
		<pose>Right</pose>
		<truncated>0</truncated>
		<difficult>0</difficult>
		<bndbox>
			<xmin>37</xmin>
			<ymin>55</ymin>
			<xmax>436</xmax>
			<ymax>230</ymax>
		</bndbox>
	</object>
</annotation>
