<annotation>
	<folder>VOC2007</folder>
	<filename>007359.jpg</filename>
	<source>
		<database>The VOC2007 Database</database>
		<annotation>PASCAL VOC2007</annotation>
		<image>flickr</image>
		<flickrid>328353509</flickrid>
	</source>
	<owner>
		<flickrid>SinfulFruit</flickrid>
		<name>Camila Kotori</name>
	</owner>
	<size>
		<width>500</width>
		<height>375</height>
		<depth>3</depth>
	</size>
	<segmented>0</segmented>
	<object>
		<name>tvmonitor</name>
		<pose>Frontal</pose>
		<truncated>0</truncated>
		<difficult>0</difficult>
		<bndbox>
			<xmin>373</xmin>
			<ymin>71</ymin>
			<xmax>500</xmax>
			<ymax>195</ymax>
		</bndbox>
	</object>
	<object>
		<name>person</name>
		<pose>Right</pose>
		<truncated>1</truncated>
		<difficult>0</difficult>
		<bndbox>
			<xmin>9</xmin>
			<ymin>32</ymin>
			<xmax>341</xmax>
			<ymax>375</ymax>
		</bndbox>
	</object>
</annotation>
