<annotation>
	<folder>VOC2007</folder>
	<filename>007403.jpg</filename>
	<source>
		<database>The VOC2007 Database</database>
		<annotation>PASCAL VOC2007</annotation>
		<image>flickr</image>
		<flickrid>267303037</flickrid>
	</source>
	<owner>
		<flickrid>Darrenxyz</flickrid>
		<name>Darren Izzard</name>
	</owner>
	<size>
		<width>500</width>
		<height>387</height>
		<depth>3</depth>
	</size>
	<segmented>0</segmented>
	<object>
		<name>aeroplane</name>
		<pose>Unspecified</pose>
		<truncated>1</truncated>
		<difficult>0</difficult>
		<bndbox>
			<xmin>22</xmin>
			<ymin>127</ymin>
			<xmax>150</xmax>
			<ymax>289</ymax>
		</bndbox>
	</object>
</annotation>
