<annotation>
	<folder>VOC2007</folder>
	<filename>007417.jpg</filename>
	<source>
		<database>The VOC2007 Database</database>
		<annotation>PASCAL VOC2007</annotation>
		<image>flickr</image>
		<flickrid>336761190</flickrid>
	</source>
	<owner>
		<flickrid>kjenkins</flickrid>
		<name>Kiesha Jenkins</name>
	</owner>
	<size>
		<width>500</width>
		<height>269</height>
		<depth>3</depth>
	</size>
	<segmented>1</segmented>
	<object>
		<name>dog</name>
		<pose>Left</pose>
		<truncated>0</truncated>
		<difficult>0</difficult>
		<bndbox>
			<xmin>40</xmin>
			<ymin>67</ymin>
			<xmax>306</xmax>
			<ymax>208</ymax>
		</bndbox>
	</object>
	<object>
		<name>cat</name>
		<pose>Right</pose>
		<truncated>0</truncated>
		<difficult>0</difficult>
		<bndbox>
			<xmin>304</xmin>
			<ymin>105</ymin>
			<xmax>451</xmax>
			<ymax>211</ymax>
		</bndbox>
	</object>
	<object>
		<name>sofa</name>
		<pose>Unspecified</pose>
		<truncated>1</truncated>
		<difficult>1</difficult>
		<bndbox>
			<xmin>1</xmin>
			<ymin>2</ymin>
			<xmax>499</xmax>
			<ymax>269</ymax>
		</bndbox>
	</object>
</annotation>
