<annotation>
	<folder>VOC2007</folder>
	<filename>007588.jpg</filename>
	<source>
		<database>The VOC2007 Database</database>
		<annotation>PASCAL VOC2007</annotation>
		<image>flickr</image>
		<flickrid>328262126</flickrid>
	</source>
	<owner>
		<flickrid>ptlpix</flickrid>
		<name>Paul</name>
	</owner>
	<size>
		<width>500</width>
		<height>333</height>
		<depth>3</depth>
	</size>
	<segmented>0</segmented>
	<object>
		<name>dog</name>
		<pose>Frontal</pose>
		<truncated>0</truncated>
		<difficult>0</difficult>
		<bndbox>
			<xmin>160</xmin>
			<ymin>55</ymin>
			<xmax>215</xmax>
			<ymax>156</ymax>
		</bndbox>
	</object>
</annotation>
