<annotation>
	<folder>VOC2007</folder>
	<filename>007629.jpg</filename>
	<source>
		<database>The VOC2007 Database</database>
		<annotation>PASCAL VOC2007</annotation>
		<image>flickr</image>
		<flickrid>335611440</flickrid>
	</source>
	<owner>
		<flickrid>WahWahbar</flickrid>
		<name>Britt Stromberg</name>
	</owner>
	<size>
		<width>500</width>
		<height>375</height>
		<depth>3</depth>
	</size>
	<segmented>0</segmented>
	<object>
		<name>person</name>
		<pose>Frontal</pose>
		<truncated>0</truncated>
		<difficult>0</difficult>
		<bndbox>
			<xmin>308</xmin>
			<ymin>54</ymin>
			<xmax>418</xmax>
			<ymax>374</ymax>
		</bndbox>
	</object>
</annotation>
