<annotation>
	<folder>VOC2007</folder>
	<filename>007615.jpg</filename>
	<source>
		<database>The VOC2007 Database</database>
		<annotation>PASCAL VOC2007</annotation>
		<image>flickr</image>
		<flickrid>244641519</flickrid>
	</source>
	<owner>
		<flickrid>Eggybird</flickrid>
		<name>I Craig</name>
	</owner>
	<size>
		<width>500</width>
		<height>375</height>
		<depth>3</depth>
	</size>
	<segmented>0</segmented>
	<object>
		<name>bird</name>
		<pose>Unspecified</pose>
		<truncated>0</truncated>
		<difficult>0</difficult>
		<bndbox>
			<xmin>297</xmin>
			<ymin>43</ymin>
			<xmax>428</xmax>
			<ymax>365</ymax>
		</bndbox>
	</object>
	<object>
		<name>bird</name>
		<pose>Frontal</pose>
		<truncated>0</truncated>
		<difficult>0</difficult>
		<bndbox>
			<xmin>141</xmin>
			<ymin>160</ymin>
			<xmax>291</xmax>
			<ymax>375</ymax>
		</bndbox>
	</object>
</annotation>
