<annotation>
	<folder>VOC2007</folder>
	<filename>007760.jpg</filename>
	<source>
		<database>The VOC2007 Database</database>
		<annotation>PASCAL VOC2007</annotation>
		<image>flickr</image>
		<flickrid>341724255</flickrid>
	</source>
	<owner>
		<flickrid>TeamSprump</flickrid>
		<name>?</name>
	</owner>
	<size>
		<width>333</width>
		<height>500</height>
		<depth>3</depth>
	</size>
	<segmented>0</segmented>
	<object>
		<name>dog</name>
		<pose>Unspecified</pose>
		<truncated>1</truncated>
		<difficult>0</difficult>
		<bndbox>
			<xmin>94</xmin>
			<ymin>252</ymin>
			<xmax>272</xmax>
			<ymax>500</ymax>
		</bndbox>
	</object>
	<object>
		<name>person</name>
		<pose>Unspecified</pose>
		<truncated>1</truncated>
		<difficult>0</difficult>
		<bndbox>
			<xmin>2</xmin>
			<ymin>4</ymin>
			<xmax>330</xmax>
			<ymax>500</ymax>
		</bndbox>
		<part>
			<name>head</name>
			<bndbox>
				<xmin>20</xmin>
				<ymin>14</ymin>
				<xmax>196</xmax>
				<ymax>254</ymax>
			</bndbox>
		</part>
		<part>
			<name>hand</name>
			<bndbox>
				<xmin>223</xmin>
				<ymin>349</ymin>
				<xmax>298</xmax>
				<ymax>432</ymax>
			</bndbox>
		</part>
	</object>
</annotation>
