<annotation>
	<folder>VOC2007</folder>
	<filename>007761.jpg</filename>
	<source>
		<database>The VOC2007 Database</database>
		<annotation>PASCAL VOC2007</annotation>
		<image>flickr</image>
		<flickrid>304902113</flickrid>
	</source>
	<owner>
		<flickrid>sirbrown73</flickrid>
		<name>?</name>
	</owner>
	<size>
		<width>500</width>
		<height>375</height>
		<depth>3</depth>
	</size>
	<segmented>0</segmented>
	<object>
		<name>car</name>
		<pose>Unspecified</pose>
		<truncated>0</truncated>
		<difficult>0</difficult>
		<bndbox>
			<xmin>9</xmin>
			<ymin>18</ymin>
			<xmax>500</xmax>
			<ymax>308</ymax>
		</bndbox>
	</object>
	<object>
		<name>person</name>
		<pose>Unspecified</pose>
		<truncated>1</truncated>
		<difficult>0</difficult>
		<bndbox>
			<xmin>19</xmin>
			<ymin>2</ymin>
			<xmax>63</xmax>
			<ymax>81</ymax>
		</bndbox>
		<part>
			<name>head</name>
			<bndbox>
				<xmin>29.8253</xmin>
				<ymin>1</ymin>
				<xmax>44.523</xmax>
				<ymax>20.4468</ymax>
			</bndbox>
		</part>
		<part>
			<name>hand</name>
			<bndbox>
				<xmin>34.0246</xmin>
				<ymin>13.308</ymin>
				<xmax>42.0034</xmax>
				<ymax>24.6461</ymax>
			</bndbox>
		</part>
		<part>
			<name>hand</name>
			<bndbox>
				<xmin>43.2632</xmin>
				<ymin>15.4076</ymin>
				<xmax>50.402</xmax>
				<ymax>27.1657</ymax>
			</bndbox>
		</part>
	</object>
	<object>
		<name>car</name>
		<pose>Unspecified</pose>
		<truncated>1</truncated>
		<difficult>1</difficult>
		<bndbox>
			<xmin>436</xmin>
			<ymin>43</ymin>
			<xmax>500</xmax>
			<ymax>71</ymax>
		</bndbox>
	</object>
</annotation>
