<annotation>
	<folder>VOC2007</folder>
	<filename>007775.jpg</filename>
	<source>
		<database>The VOC2007 Database</database>
		<annotation>PASCAL VOC2007</annotation>
		<image>flickr</image>
		<flickrid>340540013</flickrid>
	</source>
	<owner>
		<flickrid>en3rgizeyourself</flickrid>
		<name>Betsy Hodzic</name>
	</owner>
	<size>
		<width>378</width>
		<height>500</height>
		<depth>3</depth>
	</size>
	<segmented>0</segmented>
	<object>
		<name>dog</name>
		<pose>Unspecified</pose>
		<truncated>0</truncated>
		<difficult>0</difficult>
		<bndbox>
			<xmin>45</xmin>
			<ymin>89</ymin>
			<xmax>248</xmax>
			<ymax>284</ymax>
		</bndbox>
	</object>
</annotation>
