<annotation>
	<folder>VOC2007</folder>
	<filename>007774.jpg</filename>
	<source>
		<database>The VOC2007 Database</database>
		<annotation>PASCAL VOC2007</annotation>
		<image>flickr</image>
		<flickrid>315180873</flickrid>
	</source>
	<owner>
		<flickrid>gleeful :P</flickrid>
		<name>gizem ?ak?r</name>
	</owner>
	<size>
		<width>500</width>
		<height>375</height>
		<depth>3</depth>
	</size>
	<segmented>0</segmented>
	<object>
		<name>horse</name>
		<pose>Right</pose>
		<truncated>1</truncated>
		<difficult>0</difficult>
		<bndbox>
			<xmin>1</xmin>
			<ymin>43</ymin>
			<xmax>384</xmax>
			<ymax>375</ymax>
		</bndbox>
	</object>
</annotation>
