<annotation>
	<folder>VOC2007</folder>
	<filename>007832.jpg</filename>
	<source>
		<database>The VOC2007 Database</database>
		<annotation>PASCAL VOC2007</annotation>
		<image>flickr</image>
		<flickrid>336502980</flickrid>
	</source>
	<owner>
		<flickrid>mollibesnering</flickrid>
		<name>Markus Beschoner</name>
	</owner>
	<size>
		<width>500</width>
		<height>375</height>
		<depth>3</depth>
	</size>
	<segmented>0</segmented>
	<object>
		<name>chair</name>
		<pose>Unspecified</pose>
		<truncated>0</truncated>
		<difficult>0</difficult>
		<bndbox>
			<xmin>81</xmin>
			<ymin>165</ymin>
			<xmax>241</xmax>
			<ymax>367</ymax>
		</bndbox>
	</object>
	<object>
		<name>chair</name>
		<pose>Unspecified</pose>
		<truncated>0</truncated>
		<difficult>0</difficult>
		<bndbox>
			<xmin>371</xmin>
			<ymin>148</ymin>
			<xmax>488</xmax>
			<ymax>291</ymax>
		</bndbox>
	</object>
	<object>
		<name>sofa</name>
		<pose>Frontal</pose>
		<truncated>0</truncated>
		<difficult>0</difficult>
		<bndbox>
			<xmin>110</xmin>
			<ymin>149</ymin>
			<xmax>366</xmax>
			<ymax>266</ymax>
		</bndbox>
	</object>
</annotation>
