<annotation>
	<folder>VOC2007</folder>
	<filename>007946.jpg</filename>
	<source>
		<database>The VOC2007 Database</database>
		<annotation>PASCAL VOC2007</annotation>
		<image>flickr</image>
		<flickrid>334207932</flickrid>
	</source>
	<owner>
		<flickrid>paola__</flickrid>
		<name>?</name>
	</owner>
	<size>
		<width>500</width>
		<height>375</height>
		<depth>3</depth>
	</size>
	<segmented>0</segmented>
	<object>
		<name>person</name>
		<pose>Unspecified</pose>
		<truncated>1</truncated>
		<difficult>0</difficult>
		<part>
			<name>hand</name>
			<bndbox>
				<xmin>309</xmin>
				<ymin>162</ymin>
				<xmax>330</xmax>
				<ymax>190</ymax>
			</bndbox>
		</part>
		<part>
			<name>hand</name>
			<bndbox>
				<xmin>343</xmin>
				<ymin>173</ymin>
				<xmax>357</xmax>
				<ymax>192</ymax>
			</bndbox>
		</part>
		<part>
			<name>head</name>
			<bndbox>
				<xmin>304</xmin>
				<ymin>60</ymin>
				<xmax>360</xmax>
				<ymax>126</ymax>
			</bndbox>
		</part>
		<bndbox>
			<xmin>244</xmin>
			<ymin>60</ymin>
			<xmax>426</xmax>
			<ymax>225</ymax>
		</bndbox>
	</object>
	<object>
		<name>dog</name>
		<pose>Right</pose>
		<truncated>0</truncated>
		<difficult>0</difficult>
		<bndbox>
			<xmin>118</xmin>
			<ymin>111</ymin>
			<xmax>309</xmax>
			<ymax>252</ymax>
		</bndbox>
	</object>
</annotation>
