<annotation>
	<folder>VOC2007</folder>
	<filename>007952.jpg</filename>
	<source>
		<database>The VOC2007 Database</database>
		<annotation>PASCAL VOC2007</annotation>
		<image>flickr</image>
		<flickrid>321827587</flickrid>
	</source>
	<owner>
		<flickrid>davmck</flickrid>
		<name>Dav McK</name>
	</owner>
	<size>
		<width>500</width>
		<height>375</height>
		<depth>3</depth>
	</size>
	<segmented>0</segmented>
	<object>
		<name>boat</name>
		<pose>Right</pose>
		<truncated>0</truncated>
		<difficult>0</difficult>
		<bndbox>
			<xmin>223</xmin>
			<ymin>138</ymin>
			<xmax>333</xmax>
			<ymax>303</ymax>
		</bndbox>
	</object>
</annotation>
