<annotation>
	<folder>VOC2007</folder>
	<filename>007990.jpg</filename>
	<source>
		<database>The VOC2007 Database</database>
		<annotation>PASCAL VOC2007</annotation>
		<image>flickr</image>
		<flickrid>127182544</flickrid>
	</source>
	<owner>
		<flickrid>skuds</flickrid>
		<name>Andrew Skudder</name>
	</owner>
	<size>
		<width>500</width>
		<height>315</height>
		<depth>3</depth>
	</size>
	<segmented>0</segmented>
	<object>
		<name>boat</name>
		<pose>Right</pose>
		<truncated>1</truncated>
		<difficult>0</difficult>
		<bndbox>
			<xmin>1</xmin>
			<ymin>70</ymin>
			<xmax>475</xmax>
			<ymax>299</ymax>
		</bndbox>
	</object>
</annotation>
