<annotation>
	<folder>VOC2007</folder>
	<filename>007947.jpg</filename>
	<source>
		<database>The VOC2007 Database</database>
		<annotation>PASCAL VOC2007</annotation>
		<image>flickr</image>
		<flickrid>320960844</flickrid>
	</source>
	<owner>
		<flickrid>Chris&amp;AmyCate</flickrid>
		<name>Christopher Esposito</name>
	</owner>
	<size>
		<width>500</width>
		<height>333</height>
		<depth>3</depth>
	</size>
	<segmented>1</segmented>
	<object>
		<name>train</name>
		<pose>Right</pose>
		<truncated>1</truncated>
		<difficult>0</difficult>
		<bndbox>
			<xmin>2</xmin>
			<ymin>157</ymin>
			<xmax>327</xmax>
			<ymax>212</ymax>
		</bndbox>
	</object>
</annotation>
