<annotation>
	<folder>VOC2007</folder>
	<filename>008095.jpg</filename>
	<source>
		<database>The VOC2007 Database</database>
		<annotation>PASCAL VOC2007</annotation>
		<image>flickr</image>
		<flickrid>330536004</flickrid>
	</source>
	<owner>
		<flickrid>open strings</flickrid>
		<name>Mark Osmun</name>
	</owner>
	<size>
		<width>500</width>
		<height>375</height>
		<depth>3</depth>
	</size>
	<segmented>0</segmented>
	<object>
		<name>train</name>
		<pose>Unspecified</pose>
		<truncated>1</truncated>
		<difficult>0</difficult>
		<bndbox>
			<xmin>373</xmin>
			<ymin>141</ymin>
			<xmax>500</xmax>
			<ymax>175</ymax>
		</bndbox>
	</object>
	<object>
		<name>train</name>
		<pose>Unspecified</pose>
		<truncated>1</truncated>
		<difficult>0</difficult>
		<bndbox>
			<xmin>5</xmin>
			<ymin>86</ymin>
			<xmax>390</xmax>
			<ymax>202</ymax>
		</bndbox>
	</object>
</annotation>
