<annotation>
	<folder>VOC2007</folder>
	<filename>008056.jpg</filename>
	<source>
		<database>The VOC2007 Database</database>
		<annotation>PASCAL VOC2007</annotation>
		<image>flickr</image>
		<flickrid>335465299</flickrid>
	</source>
	<owner>
		<flickrid>Soooz</flickrid>
		<name>Susan B</name>
	</owner>
	<size>
		<width>500</width>
		<height>375</height>
		<depth>3</depth>
	</size>
	<segmented>0</segmented>
	<object>
		<name>chair</name>
		<pose>Rear</pose>
		<truncated>0</truncated>
		<difficult>0</difficult>
		<bndbox>
			<xmin>206</xmin>
			<ymin>161</ymin>
			<xmax>240</xmax>
			<ymax>200</ymax>
		</bndbox>
	</object>
	<object>
		<name>chair</name>
		<pose>Rear</pose>
		<truncated>0</truncated>
		<difficult>0</difficult>
		<bndbox>
			<xmin>235</xmin>
			<ymin>160</ymin>
			<xmax>268</xmax>
			<ymax>201</ymax>
		</bndbox>
	</object>
</annotation>
