<annotation>
	<folder>VOC2007</folder>
	<filename>008136.jpg</filename>
	<source>
		<database>The VOC2007 Database</database>
		<annotation>PASCAL VOC2007</annotation>
		<image>flickr</image>
		<flickrid>224255923</flickrid>
	</source>
	<owner>
		<flickrid>Marc Plocek</flickrid>
		<name>Marc Plocek</name>
	</owner>
	<size>
		<width>500</width>
		<height>375</height>
		<depth>3</depth>
	</size>
	<segmented>0</segmented>
	<object>
		<name>car</name>
		<pose>Unspecified</pose>
		<truncated>0</truncated>
		<difficult>0</difficult>
		<bndbox>
			<xmin>21</xmin>
			<ymin>111</ymin>
			<xmax>462</xmax>
			<ymax>356</ymax>
		</bndbox>
	</object>
</annotation>
