<annotation>
	<folder>VOC2007</folder>
	<filename>008123.jpg</filename>
	<source>
		<database>The VOC2007 Database</database>
		<annotation>PASCAL VOC2007</annotation>
		<image>flickr</image>
		<flickrid>329457387</flickrid>
	</source>
	<owner>
		<flickrid>mixedemotionslondon</flickrid>
		<name>?</name>
	</owner>
	<size>
		<width>500</width>
		<height>375</height>
		<depth>3</depth>
	</size>
	<segmented>0</segmented>
	<object>
		<name>bird</name>
		<pose>Left</pose>
		<truncated>0</truncated>
		<difficult>0</difficult>
		<bndbox>
			<xmin>323</xmin>
			<ymin>109</ymin>
			<xmax>374</xmax>
			<ymax>149</ymax>
		</bndbox>
	</object>
</annotation>
