<annotation>
	<folder>VOC2007</folder>
	<filename>008254.jpg</filename>
	<source>
		<database>The VOC2007 Database</database>
		<annotation>PASCAL VOC2007</annotation>
		<image>flickr</image>
		<flickrid>338043151</flickrid>
	</source>
	<owner>
		<flickrid>Meredith Norwood</flickrid>
		<name>Meredith Norwood Messemore</name>
	</owner>
	<size>
		<width>500</width>
		<height>333</height>
		<depth>3</depth>
	</size>
	<segmented>0</segmented>
	<object>
		<name>cat</name>
		<pose>Right</pose>
		<truncated>0</truncated>
		<difficult>0</difficult>
		<bndbox>
			<xmin>1</xmin>
			<ymin>51</ymin>
			<xmax>418</xmax>
			<ymax>314</ymax>
		</bndbox>
	</object>
</annotation>
