<annotation>
	<folder>VOC2007</folder>
	<filename>008283.jpg</filename>
	<source>
		<database>The VOC2007 Database</database>
		<annotation>PASCAL VOC2007</annotation>
		<image>flickr</image>
		<flickrid>284666499</flickrid>
	</source>
	<owner>
		<flickrid>andrewlambie</flickrid>
		<name>?</name>
	</owner>
	<size>
		<width>500</width>
		<height>333</height>
		<depth>3</depth>
	</size>
	<segmented>0</segmented>
	<object>
		<name>car</name>
		<pose>Unspecified</pose>
		<truncated>0</truncated>
		<difficult>0</difficult>
		<bndbox>
			<xmin>82</xmin>
			<ymin>96</ymin>
			<xmax>417</xmax>
			<ymax>250</ymax>
		</bndbox>
	</object>
</annotation>
