<annotation>
	<folder>VOC2007</folder>
	<filename>008240.jpg</filename>
	<source>
		<database>The VOC2007 Database</database>
		<annotation>PASCAL VOC2007</annotation>
		<image>flickr</image>
		<flickrid>340536437</flickrid>
	</source>
	<owner>
		<flickrid>yoshihisao</flickrid>
		<name>?</name>
	</owner>
	<size>
		<width>500</width>
		<height>375</height>
		<depth>3</depth>
	</size>
	<segmented>0</segmented>
	<object>
		<name>cat</name>
		<pose>Unspecified</pose>
		<truncated>0</truncated>
		<difficult>0</difficult>
		<bndbox>
			<xmin>100</xmin>
			<ymin>39</ymin>
			<xmax>287</xmax>
			<ymax>310</ymax>
		</bndbox>
	</object>
	<object>
		<name>cat</name>
		<pose>Right</pose>
		<truncated>0</truncated>
		<difficult>0</difficult>
		<bndbox>
			<xmin>281</xmin>
			<ymin>113</ymin>
			<xmax>495</xmax>
			<ymax>321</ymax>
		</bndbox>
	</object>
</annotation>
