<annotation>
	<folder>VOC2007</folder>
	<filename>008308.jpg</filename>
	<source>
		<database>The VOC2007 Database</database>
		<annotation>PASCAL VOC2007</annotation>
		<image>flickr</image>
		<flickrid>299788822</flickrid>
	</source>
	<owner>
		<flickrid>ShawnHenning</flickrid>
		<name>Shawn Henning</name>
	</owner>
	<size>
		<width>500</width>
		<height>333</height>
		<depth>3</depth>
	</size>
	<segmented>0</segmented>
	<object>
		<name>train</name>
		<pose>Right</pose>
		<truncated>0</truncated>
		<difficult>0</difficult>
		<bndbox>
			<xmin>104</xmin>
			<ymin>162</ymin>
			<xmax>375</xmax>
			<ymax>221</ymax>
		</bndbox>
	</object>
</annotation>
