<annotation>
	<folder>VOC2007</folder>
	<filename>008335.jpg</filename>
	<source>
		<database>The VOC2007 Database</database>
		<annotation>PASCAL VOC2007</annotation>
		<image>flickr</image>
		<flickrid>332000715</flickrid>
	</source>
	<owner>
		<flickrid>ernst schade</flickrid>
		<name>Ernst Schade</name>
	</owner>
	<size>
		<width>500</width>
		<height>334</height>
		<depth>3</depth>
	</size>
	<segmented>0</segmented>
	<object>
		<name>train</name>
		<pose>Unspecified</pose>
		<truncated>1</truncated>
		<difficult>0</difficult>
		<bndbox>
			<xmin>89</xmin>
			<ymin>35</ymin>
			<xmax>298</xmax>
			<ymax>307</ymax>
		</bndbox>
	</object>
</annotation>
