<annotation>
	<folder>VOC2007</folder>
	<filename>008334.jpg</filename>
	<source>
		<database>The VOC2007 Database</database>
		<annotation>PASCAL VOC2007</annotation>
		<image>flickr</image>
		<flickrid>333800864</flickrid>
	</source>
	<owner>
		<flickrid>XaOS</flickrid>
		<name>Mike Priddy</name>
	</owner>
	<size>
		<width>500</width>
		<height>199</height>
		<depth>3</depth>
	</size>
	<segmented>0</segmented>
	<object>
		<name>sheep</name>
		<pose>Right</pose>
		<truncated>0</truncated>
		<difficult>0</difficult>
		<bndbox>
			<xmin>154</xmin>
			<ymin>82</ymin>
			<xmax>289</xmax>
			<ymax>188</ymax>
		</bndbox>
	</object>
</annotation>
