<annotation>
	<folder>VOC2007</folder>
	<filename>008320.jpg</filename>
	<source>
		<database>The VOC2007 Database</database>
		<annotation>PASCAL VOC2007</annotation>
		<image>flickr</image>
		<flickrid>319479643</flickrid>
	</source>
	<owner>
		<flickrid>babybranchiowa</flickrid>
		<name>?</name>
	</owner>
	<size>
		<width>250</width>
		<height>198</height>
		<depth>3</depth>
	</size>
	<segmented>0</segmented>
	<object>
		<name>horse</name>
		<pose>Right</pose>
		<truncated>0</truncated>
		<difficult>0</difficult>
		<bndbox>
			<xmin>1</xmin>
			<ymin>8</ymin>
			<xmax>245</xmax>
			<ymax>198</ymax>
		</bndbox>
	</object>
</annotation>
