<annotation>
	<folder>VOC2007</folder>
	<filename>008453.jpg</filename>
	<source>
		<database>The VOC2007 Database</database>
		<annotation>PASCAL VOC2007</annotation>
		<image>flickr</image>
		<flickrid>338815881</flickrid>
	</source>
	<owner>
		<flickrid>Jeff Mills and Family</flickrid>
		<name>?</name>
	</owner>
	<size>
		<width>500</width>
		<height>400</height>
		<depth>3</depth>
	</size>
	<segmented>0</segmented>
	<object>
		<name>cat</name>
		<pose>Unspecified</pose>
		<truncated>1</truncated>
		<difficult>0</difficult>
		<bndbox>
			<xmin>281</xmin>
			<ymin>105</ymin>
			<xmax>340</xmax>
			<ymax>152</ymax>
		</bndbox>
	</object>
	<object>
		<name>person</name>
		<pose>Unspecified</pose>
		<truncated>0</truncated>
		<difficult>0</difficult>
		<bndbox>
			<xmin>72</xmin>
			<ymin>91</ymin>
			<xmax>238</xmax>
			<ymax>359</ymax>
		</bndbox>
		<part>
			<name>head</name>
			<bndbox>
				<xmin>126.6478</xmin>
				<ymin>92.1013</ymin>
				<xmax>192.4933</xmax>
				<ymax>200.0521</ymax>
			</bndbox>
		</part>
		<part>
			<name>hand</name>
			<bndbox>
				<xmin>143.6691</xmin>
				<ymin>257.3869</ymin>
				<xmax>173.6803</xmax>
				<ymax>282.4709</ymax>
			</bndbox>
		</part>
		<part>
			<name>hand</name>
			<bndbox>
				<xmin>113.6579</xmin>
				<ymin>272.1685</ymin>
				<xmax>157.5549</xmax>
				<ymax>292.3253</ymax>
			</bndbox>
		</part>
	</object>
	<object>
		<name>chair</name>
		<pose>Left</pose>
		<truncated>1</truncated>
		<difficult>0</difficult>
		<bndbox>
			<xmin>225</xmin>
			<ymin>1</ymin>
			<xmax>500</xmax>
			<ymax>362</ymax>
		</bndbox>
	</object>
</annotation>
