<annotation>
	<folder>VOC2007</folder>
	<filename>008490.jpg</filename>
	<source>
		<database>The VOC2007 Database</database>
		<annotation>PASCAL VOC2007</annotation>
		<image>flickr</image>
		<flickrid>311335823</flickrid>
	</source>
	<owner>
		<flickrid>Chicago-Anna</flickrid>
		<name>?</name>
	</owner>
	<size>
		<width>370</width>
		<height>500</height>
		<depth>3</depth>
	</size>
	<segmented>0</segmented>
	<object>
		<name>chair</name>
		<pose>Unspecified</pose>
		<truncated>0</truncated>
		<difficult>0</difficult>
		<bndbox>
			<xmin>10</xmin>
			<ymin>239</ymin>
			<xmax>173</xmax>
			<ymax>460</ymax>
		</bndbox>
	</object>
	<object>
		<name>chair</name>
		<pose>Unspecified</pose>
		<truncated>0</truncated>
		<difficult>0</difficult>
		<bndbox>
			<xmin>173</xmin>
			<ymin>242</ymin>
			<xmax>331</xmax>
			<ymax>454</ymax>
		</bndbox>
	</object>
	<object>
		<name>chair</name>
		<pose>Unspecified</pose>
		<truncated>0</truncated>
		<difficult>1</difficult>
		<bndbox>
			<xmin>78</xmin>
			<ymin>228</ymin>
			<xmax>201</xmax>
			<ymax>390</ymax>
		</bndbox>
	</object>
	<object>
		<name>chair</name>
		<pose>Unspecified</pose>
		<truncated>0</truncated>
		<difficult>1</difficult>
		<bndbox>
			<xmin>202</xmin>
			<ymin>226</ymin>
			<xmax>315</xmax>
			<ymax>378</ymax>
		</bndbox>
	</object>
	<object>
		<name>diningtable</name>
		<pose>Unspecified</pose>
		<truncated>0</truncated>
		<difficult>0</difficult>
		<bndbox>
			<xmin>70</xmin>
			<ymin>240</ymin>
			<xmax>281</xmax>
			<ymax>411</ymax>
		</bndbox>
	</object>
</annotation>
