<annotation>
	<folder>VOC2007</folder>
	<filename>008484.jpg</filename>
	<source>
		<database>The VOC2007 Database</database>
		<annotation>PASCAL VOC2007</annotation>
		<image>flickr</image>
		<flickrid>331649071</flickrid>
	</source>
	<owner>
		<flickrid>Andrew Lighten</flickrid>
		<name>Andrew Lighten</name>
	</owner>
	<size>
		<width>500</width>
		<height>375</height>
		<depth>3</depth>
	</size>
	<segmented>0</segmented>
	<object>
		<name>car</name>
		<pose>Unspecified</pose>
		<truncated>1</truncated>
		<difficult>0</difficult>
		<bndbox>
			<xmin>1</xmin>
			<ymin>1</ymin>
			<xmax>407</xmax>
			<ymax>315</ymax>
		</bndbox>
	</object>
</annotation>
