<annotation>
	<folder>VOC2007</folder>
	<filename>008491.jpg</filename>
	<source>
		<database>The VOC2007 Database</database>
		<annotation>PASCAL VOC2007</annotation>
		<image>flickr</image>
		<flickrid>339121832</flickrid>
	</source>
	<owner>
		<flickrid>roenke47</flickrid>
		<name>Judith Ann Roenke</name>
	</owner>
	<size>
		<width>500</width>
		<height>333</height>
		<depth>3</depth>
	</size>
	<segmented>0</segmented>
	<object>
		<name>dog</name>
		<pose>Unspecified</pose>
		<truncated>0</truncated>
		<difficult>0</difficult>
		<bndbox>
			<xmin>259</xmin>
			<ymin>187</ymin>
			<xmax>329</xmax>
			<ymax>238</ymax>
		</bndbox>
	</object>
	<object>
		<name>person</name>
		<pose>Unspecified</pose>
		<truncated>0</truncated>
		<difficult>0</difficult>
		<bndbox>
			<xmin>128</xmin>
			<ymin>135</ymin>
			<xmax>175</xmax>
			<ymax>277</ymax>
		</bndbox>
		<part>
			<name>head</name>
			<bndbox>
				<xmin>144.6532</xmin>
				<ymin>135.9516</ymin>
				<xmax>162.7984</xmax>
				<ymax>158.5323</ymax>
			</bndbox>
		</part>
		<part>
			<name>hand</name>
			<bndbox>
				<xmin>156.75</xmin>
				<ymin>210.5484</ymin>
				<xmax>165.2177</xmax>
				<ymax>221.4355</ymax>
			</bndbox>
		</part>
		<part>
			<name>foot</name>
			<bndbox>
				<xmin>162.7984</xmin>
				<ymin>259.7419</ymin>
				<xmax>172.879</xmax>
				<ymax>264.9839</ymax>
			</bndbox>
		</part>
		<part>
			<name>foot</name>
			<bndbox>
				<xmin>129.3306</xmin>
				<ymin>268.6129</ymin>
				<xmax>152.3145</xmax>
				<ymax>278.2903</ymax>
			</bndbox>
		</part>
	</object>
</annotation>
