<annotation>
	<folder>VOC2007</folder>
	<filename>008452.jpg</filename>
	<source>
		<database>The VOC2007 Database</database>
		<annotation>PASCAL VOC2007</annotation>
		<image>flickr</image>
		<flickrid>306420059</flickrid>
	</source>
	<owner>
		<flickrid>rdkreiz</flickrid>
		<name>?</name>
	</owner>
	<size>
		<width>500</width>
		<height>369</height>
		<depth>3</depth>
	</size>
	<segmented>0</segmented>
	<object>
		<name>sofa</name>
		<pose>Frontal</pose>
		<truncated>0</truncated>
		<difficult>0</difficult>
		<bndbox>
			<xmin>157</xmin>
			<ymin>172</ymin>
			<xmax>374</xmax>
			<ymax>295</ymax>
		</bndbox>
	</object>
	<object>
		<name>person</name>
		<pose>Unspecified</pose>
		<truncated>0</truncated>
		<difficult>0</difficult>
		<bndbox>
			<xmin>118</xmin>
			<ymin>162</ymin>
			<xmax>310</xmax>
			<ymax>310</ymax>
		</bndbox>
		<part>
			<name>head</name>
			<bndbox>
				<xmin>272.1937</xmin>
				<ymin>164.3393</ymin>
				<xmax>296.1601</xmax>
				<ymax>192.4378</ymax>
			</bndbox>
		</part>
		<part>
			<name>hand</name>
			<bndbox>
				<xmin>273.4334</xmin>
				<ymin>215.5778</ymin>
				<xmax>290.3751</xmax>
				<ymax>230.8667</ymax>
			</bndbox>
		</part>
		<part>
			<name>hand</name>
			<bndbox>
				<xmin>231.2856</xmin>
				<ymin>208.9664</ymin>
				<xmax>245.3348</xmax>
				<ymax>220.9496</ymax>
			</bndbox>
		</part>
		<part>
			<name>foot</name>
			<bndbox>
				<xmin>116.8253</xmin>
				<ymin>240.3707</ymin>
				<xmax>151.9485</xmax>
				<ymax>251.5274</ymax>
			</bndbox>
		</part>
		<part>
			<name>foot</name>
			<bndbox>
				<xmin>214.3438</xmin>
				<ymin>291.196</ymin>
				<xmax>232.5252</xmax>
				<ymax>314.3359</ymax>
			</bndbox>
		</part>
	</object>
</annotation>
