<annotation>
	<folder>VOC2007</folder>
	<filename>008446.jpg</filename>
	<source>
		<database>The VOC2007 Database</database>
		<annotation>PASCAL VOC2007</annotation>
		<image>flickr</image>
		<flickrid>336408802</flickrid>
	</source>
	<owner>
		<flickrid>Sundance = ??</flickrid>
		<name>Sundance Lee</name>
	</owner>
	<size>
		<width>375</width>
		<height>500</height>
		<depth>3</depth>
	</size>
	<segmented>0</segmented>
	<object>
		<name>person</name>
		<pose>Frontal</pose>
		<truncated>1</truncated>
		<difficult>0</difficult>
		<bndbox>
			<xmin>96</xmin>
			<ymin>43</ymin>
			<xmax>281</xmax>
			<ymax>334</ymax>
		</bndbox>
		<part>
			<name>head</name>
			<bndbox>
				<xmin>159.7245</xmin>
				<ymin>42.2133</ymin>
				<xmax>221.3147</xmax>
				<ymax>117.8012</ymax>
			</bndbox>
		</part>
		<part>
			<name>hand</name>
			<bndbox>
				<xmin>235.3124</xmin>
				<ymin>144.117</ymin>
				<xmax>262.748</xmax>
				<ymax>173.2324</ymax>
			</bndbox>
		</part>
		<part>
			<name>hand</name>
			<bndbox>
				<xmin>97.0146</xmin>
				<ymin>149.1562</ymin>
				<xmax>128.3695</xmax>
				<ymax>177.1517</ymax>
			</bndbox>
		</part>
	</object>
	<object>
		<name>person</name>
		<pose>Frontal</pose>
		<truncated>0</truncated>
		<difficult>0</difficult>
		<bndbox>
			<xmin>112</xmin>
			<ymin>205</ymin>
			<xmax>287</xmax>
			<ymax>465</ymax>
		</bndbox>
		<part>
			<name>head</name>
			<bndbox>
				<xmin>172.6025</xmin>
				<ymin>209.6265</ymin>
				<xmax>232.5129</xmax>
				<ymax>300.332</ymax>
			</bndbox>
		</part>
		<part>
			<name>hand</name>
			<bndbox>
				<xmin>201.7178</xmin>
				<ymin>374.2402</ymin>
				<xmax>240.9115</xmax>
				<ymax>404.4754</ymax>
			</bndbox>
		</part>
		<part>
			<name>hand</name>
			<bndbox>
				<xmin>163.084</xmin>
				<ymin>377.5997</ymin>
				<xmax>208.4367</xmax>
				<ymax>421.8326</ymax>
			</bndbox>
		</part>
		<part>
			<name>foot</name>
			<bndbox>
				<xmin>122.7704</xmin>
				<ymin>427.9916</ymin>
				<xmax>187.1601</xmax>
				<ymax>462.706</ymax>
			</bndbox>
		</part>
	</object>
</annotation>
