<annotation>
	<folder>VOC2007</folder>
	<filename>008532.jpg</filename>
	<source>
		<database>The VOC2007 Database</database>
		<annotation>PASCAL VOC2007</annotation>
		<image>flickr</image>
		<flickrid>320630264</flickrid>
	</source>
	<owner>
		<flickrid>7771angela</flickrid>
		<name>Angela Streadwick</name>
	</owner>
	<size>
		<width>480</width>
		<height>405</height>
		<depth>3</depth>
	</size>
	<segmented>0</segmented>
	<object>
		<name>dog</name>
		<pose>Left</pose>
		<truncated>0</truncated>
		<difficult>0</difficult>
		<bndbox>
			<xmin>42</xmin>
			<ymin>78</ymin>
			<xmax>447</xmax>
			<ymax>347</ymax>
		</bndbox>
	</object>
</annotation>
