<annotation>
	<folder>VOC2007</folder>
	<filename>008651.jpg</filename>
	<source>
		<database>The VOC2007 Database</database>
		<annotation>PASCAL VOC2007</annotation>
		<image>flickr</image>
		<flickrid>339208808</flickrid>
	</source>
	<owner>
		<flickrid>ambulldog79</flickrid>
		<name>?</name>
	</owner>
	<size>
		<width>500</width>
		<height>347</height>
		<depth>3</depth>
	</size>
	<segmented>0</segmented>
	<object>
		<name>dog</name>
		<pose>Unspecified</pose>
		<truncated>0</truncated>
		<difficult>0</difficult>
		<bndbox>
			<xmin>72</xmin>
			<ymin>38</ymin>
			<xmax>270</xmax>
			<ymax>335</ymax>
		</bndbox>
	</object>
</annotation>
