<annotation>
	<folder>VOC2007</folder>
	<filename>008645.jpg</filename>
	<source>
		<database>The VOC2007 Database</database>
		<annotation>PASCAL VOC2007</annotation>
		<image>flickr</image>
		<flickrid>328618575</flickrid>
	</source>
	<owner>
		<flickrid>landscape photographer</flickrid>
		<name>David Glenn</name>
	</owner>
	<size>
		<width>500</width>
		<height>330</height>
		<depth>3</depth>
	</size>
	<segmented>1</segmented>
	<object>
		<name>boat</name>
		<pose>Left</pose>
		<truncated>0</truncated>
		<difficult>0</difficult>
		<bndbox>
			<xmin>210</xmin>
			<ymin>153</ymin>
			<xmax>300</xmax>
			<ymax>308</ymax>
		</bndbox>
	</object>
</annotation>
