<annotation>
	<folder>VOC2007</folder>
	<filename>008678.jpg</filename>
	<source>
		<database>The VOC2007 Database</database>
		<annotation>PASCAL VOC2007</annotation>
		<image>flickr</image>
		<flickrid>332943018</flickrid>
	</source>
	<owner>
		<flickrid>MaddieRose</flickrid>
		<name>Madeline Fearon</name>
	</owner>
	<size>
		<width>375</width>
		<height>500</height>
		<depth>3</depth>
	</size>
	<segmented>0</segmented>
	<object>
		<name>person</name>
		<pose>Unspecified</pose>
		<truncated>1</truncated>
		<difficult>0</difficult>
		<bndbox>
			<xmin>89</xmin>
			<ymin>164</ymin>
			<xmax>234</xmax>
			<ymax>450</ymax>
		</bndbox>
		<part>
			<name>head</name>
			<bndbox>
				<xmin>136.2083</xmin>
				<ymin>160.9143</ymin>
				<xmax>181.561</xmax>
				<ymax>225.304</ymax>
			</bndbox>
		</part>
		<part>
			<name>hand</name>
			<bndbox>
				<xmin>169.243</xmin>
				<ymin>326.0879</ymin>
				<xmax>192.7592</xmax>
				<ymax>350.724</ymax>
			</bndbox>
		</part>
		<part>
			<name>hand</name>
			<bndbox>
				<xmin>132.2889</xmin>
				<ymin>288.5739</ymin>
				<xmax>156.3651</xmax>
				<ymax>312.6501</ymax>
			</bndbox>
		</part>
	</object>
	<object>
		<name>chair</name>
		<pose>Left</pose>
		<truncated>0</truncated>
		<difficult>0</difficult>
		<bndbox>
			<xmin>23</xmin>
			<ymin>240</ymin>
			<xmax>78</xmax>
			<ymax>329</ymax>
		</bndbox>
	</object>
	<object>
		<name>sofa</name>
		<pose>Unspecified</pose>
		<truncated>1</truncated>
		<difficult>1</difficult>
		<bndbox>
			<xmin>2</xmin>
			<ymin>312</ymin>
			<xmax>213</xmax>
			<ymax>500</ymax>
		</bndbox>
	</object>
</annotation>
