<annotation>
	<folder>VOC2007</folder>
	<filename>008687.jpg</filename>
	<source>
		<database>The VOC2007 Database</database>
		<annotation>PASCAL VOC2007</annotation>
		<image>flickr</image>
		<flickrid>336161952</flickrid>
	</source>
	<owner>
		<flickrid>King Duncan</flickrid>
		<name>Duncan Pflaster</name>
	</owner>
	<size>
		<width>500</width>
		<height>375</height>
		<depth>3</depth>
	</size>
	<segmented>0</segmented>
	<object>
		<name>dog</name>
		<pose>Right</pose>
		<truncated>1</truncated>
		<difficult>0</difficult>
		<bndbox>
			<xmin>2</xmin>
			<ymin>2</ymin>
			<xmax>415</xmax>
			<ymax>262</ymax>
		</bndbox>
	</object>
</annotation>
