<annotation>
	<folder>VOC2007</folder>
	<filename>008724.jpg</filename>
	<source>
		<database>The VOC2007 Database</database>
		<annotation>PASCAL VOC2007</annotation>
		<image>flickr</image>
		<flickrid>298299069</flickrid>
	</source>
	<owner>
		<flickrid>ClassicRallies</flickrid>
		<name>OLIVER JACQ</name>
	</owner>
	<size>
		<width>500</width>
		<height>332</height>
		<depth>3</depth>
	</size>
	<segmented>0</segmented>
	<object>
		<name>car</name>
		<pose>Unspecified</pose>
		<truncated>0</truncated>
		<difficult>0</difficult>
		<bndbox>
			<xmin>267</xmin>
			<ymin>83</ymin>
			<xmax>460</xmax>
			<ymax>214</ymax>
		</bndbox>
	</object>
</annotation>
