<annotation>
	<folder>VOC2007</folder>
	<filename>008889.jpg</filename>
	<source>
		<database>The VOC2007 Database</database>
		<annotation>PASCAL VOC2007</annotation>
		<image>flickr</image>
		<flickrid>334294512</flickrid>
	</source>
	<owner>
		<flickrid>Erin P</flickrid>
		<name>Erin Puzel</name>
	</owner>
	<size>
		<width>500</width>
		<height>375</height>
		<depth>3</depth>
	</size>
	<segmented>0</segmented>
	<object>
		<name>dog</name>
		<pose>Unspecified</pose>
		<truncated>0</truncated>
		<difficult>0</difficult>
		<bndbox>
			<xmin>93</xmin>
			<ymin>89</ymin>
			<xmax>342</xmax>
			<ymax>332</ymax>
		</bndbox>
	</object>
</annotation>
