<annotation>
	<folder>VOC2007</folder>
	<filename>009016.jpg</filename>
	<source>
		<database>The VOC2007 Database</database>
		<annotation>PASCAL VOC2007</annotation>
		<image>flickr</image>
		<flickrid>334089975</flickrid>
	</source>
	<owner>
		<flickrid>marco_zbinden</flickrid>
		<name>?</name>
	</owner>
	<size>
		<width>375</width>
		<height>500</height>
		<depth>3</depth>
	</size>
	<segmented>0</segmented>
	<object>
		<name>bottle</name>
		<pose>Unspecified</pose>
		<truncated>0</truncated>
		<difficult>0</difficult>
		<bndbox>
			<xmin>184</xmin>
			<ymin>3</ymin>
			<xmax>334</xmax>
			<ymax>452</ymax>
		</bndbox>
	</object>
</annotation>
