<annotation>
	<folder>VOC2007</folder>
	<filename>009003.jpg</filename>
	<source>
		<database>The VOC2007 Database</database>
		<annotation>PASCAL VOC2007</annotation>
		<image>flickr</image>
		<flickrid>334675654</flickrid>
	</source>
	<owner>
		<flickrid>Red Mozzie</flickrid>
		<name>Sarah Chats</name>
	</owner>
	<size>
		<width>333</width>
		<height>500</height>
		<depth>3</depth>
	</size>
	<segmented>0</segmented>
	<object>
		<name>person</name>
		<pose>Unspecified</pose>
		<truncated>1</truncated>
		<difficult>0</difficult>
		<bndbox>
			<xmin>3</xmin>
			<ymin>65</ymin>
			<xmax>333</xmax>
			<ymax>499</ymax>
		</bndbox>
	</object>
</annotation>
