<annotation>
	<folder>VOC2007</folder>
	<filename>009002.jpg</filename>
	<source>
		<database>The VOC2007 Database</database>
		<annotation>PASCAL VOC2007</annotation>
		<image>flickr</image>
		<flickrid>341923497</flickrid>
	</source>
	<owner>
		<flickrid>russvenlos</flickrid>
		<name>?</name>
	</owner>
	<size>
		<width>500</width>
		<height>269</height>
		<depth>3</depth>
	</size>
	<segmented>0</segmented>
	<object>
		<name>train</name>
		<pose>Left</pose>
		<truncated>0</truncated>
		<difficult>0</difficult>
		<bndbox>
			<xmin>35</xmin>
			<ymin>29</ymin>
			<xmax>445</xmax>
			<ymax>206</ymax>
		</bndbox>
	</object>
</annotation>
