<annotation>
	<folder>VOC2007</folder>
	<filename>009229.jpg</filename>
	<source>
		<database>The VOC2007 Database</database>
		<annotation>PASCAL VOC2007</annotation>
		<image>flickr</image>
		<flickrid>304768373</flickrid>
	</source>
	<owner>
		<flickrid>tufastR</flickrid>
		<name>Sean Nunis</name>
	</owner>
	<size>
		<width>500</width>
		<height>375</height>
		<depth>3</depth>
	</size>
	<segmented>0</segmented>
	<object>
		<name>motorbike</name>
		<pose>Right</pose>
		<truncated>1</truncated>
		<difficult>0</difficult>
		<bndbox>
			<xmin>320</xmin>
			<ymin>128</ymin>
			<xmax>500</xmax>
			<ymax>260</ymax>
		</bndbox>
	</object>
	<object>
		<name>motorbike</name>
		<pose>Left</pose>
		<truncated>1</truncated>
		<difficult>0</difficult>
		<bndbox>
			<xmin>26</xmin>
			<ymin>133</ymin>
			<xmax>140</xmax>
			<ymax>245</ymax>
		</bndbox>
	</object>
	<object>
		<name>person</name>
		<pose>Unspecified</pose>
		<truncated>1</truncated>
		<difficult>0</difficult>
		<bndbox>
			<xmin>412</xmin>
			<ymin>49</ymin>
			<xmax>496</xmax>
			<ymax>161</ymax>
		</bndbox>
		<part>
			<name>head</name>
			<bndbox>
				<xmin>438.4199</xmin>
				<ymin>52.7816</ymin>
				<xmax>465.2956</xmax>
				<ymax>84.6965</ymax>
			</bndbox>
		</part>
		<part>
			<name>hand</name>
			<bndbox>
				<xmin>464.4558</xmin>
				<ymin>114.9317</ymin>
				<xmax>483.3527</xmax>
				<ymax>127.5297</ymax>
			</bndbox>
		</part>
	</object>
	<object>
		<name>person</name>
		<pose>Right</pose>
		<truncated>0</truncated>
		<difficult>0</difficult>
		<bndbox>
			<xmin>1</xmin>
			<ymin>80</ymin>
			<xmax>72</xmax>
			<ymax>255</ymax>
		</bndbox>
		<part>
			<name>head</name>
			<bndbox>
				<xmin>42.4233</xmin>
				<ymin>80.0773</ymin>
				<xmax>67.1993</xmax>
				<ymax>111.5722</ymax>
			</bndbox>
		</part>
		<part>
			<name>hand</name>
			<bndbox>
				<xmin>47.4625</xmin>
				<ymin>168.6831</ymin>
				<xmax>65.5196</xmax>
				<ymax>188</ymax>
			</bndbox>
		</part>
	</object>
</annotation>
