<annotation>
	<folder>VOC2007</folder>
	<filename>009228.jpg</filename>
	<source>
		<database>The VOC2007 Database</database>
		<annotation>PASCAL VOC2007</annotation>
		<image>flickr</image>
		<flickrid>328932559</flickrid>
	</source>
	<owner>
		<flickrid>ringpola</flickrid>
		<name>?</name>
	</owner>
	<size>
		<width>500</width>
		<height>354</height>
		<depth>3</depth>
	</size>
	<segmented>0</segmented>
	<object>
		<name>bicycle</name>
		<pose>Rear</pose>
		<truncated>1</truncated>
		<difficult>0</difficult>
		<bndbox>
			<xmin>284</xmin>
			<ymin>147</ymin>
			<xmax>374</xmax>
			<ymax>353</ymax>
		</bndbox>
	</object>
	<object>
		<name>person</name>
		<pose>Unspecified</pose>
		<truncated>0</truncated>
		<difficult>0</difficult>
		<bndbox>
			<xmin>195</xmin>
			<ymin>25</ymin>
			<xmax>366</xmax>
			<ymax>354</ymax>
		</bndbox>
	</object>
</annotation>
