<annotation>
	<folder>VOC2007</folder>
	<filename>009360.jpg</filename>
	<source>
		<database>The VOC2007 Database</database>
		<annotation>PASCAL VOC2007</annotation>
		<image>flickr</image>
		<flickrid>193720773</flickrid>
	</source>
	<owner>
		<flickrid>andylaub</flickrid>
		<name>Andy Laub</name>
	</owner>
	<size>
		<width>500</width>
		<height>375</height>
		<depth>3</depth>
	</size>
	<segmented>0</segmented>
	<object>
		<name>car</name>
		<pose>Frontal</pose>
		<truncated>0</truncated>
		<difficult>0</difficult>
		<bndbox>
			<xmin>185</xmin>
			<ymin>121</ymin>
			<xmax>458</xmax>
			<ymax>327</ymax>
		</bndbox>
	</object>
</annotation>
