<annotation>
	<folder>VOC2007</folder>
	<filename>009348.jpg</filename>
	<source>
		<database>The VOC2007 Database</database>
		<annotation>PASCAL VOC2007</annotation>
		<image>flickr</image>
		<flickrid>311136422</flickrid>
	</source>
	<owner>
		<flickrid>TrinaKelly</flickrid>
		<name>Trina &amp; Kelly Thomas</name>
	</owner>
	<size>
		<width>500</width>
		<height>375</height>
		<depth>3</depth>
	</size>
	<segmented>1</segmented>
	<object>
		<name>aeroplane</name>
		<pose>Unspecified</pose>
		<truncated>0</truncated>
		<difficult>0</difficult>
		<bndbox>
			<xmin>145</xmin>
			<ymin>90</ymin>
			<xmax>363</xmax>
			<ymax>209</ymax>
		</bndbox>
	</object>
</annotation>
