<annotation>
	<folder>VOC2007</folder>
	<filename>009406.jpg</filename>
	<source>
		<database>The VOC2007 Database</database>
		<annotation>PASCAL VOC2007</annotation>
		<image>flickr</image>
		<flickrid>291556919</flickrid>
	</source>
	<owner>
		<flickrid>thesuperhemanshow</flickrid>
		<name>?</name>
	</owner>
	<size>
		<width>500</width>
		<height>283</height>
		<depth>3</depth>
	</size>
	<segmented>0</segmented>
	<object>
		<name>car</name>
		<pose>Unspecified</pose>
		<truncated>0</truncated>
		<difficult>0</difficult>
		<bndbox>
			<xmin>19</xmin>
			<ymin>20</ymin>
			<xmax>489</xmax>
			<ymax>266</ymax>
		</bndbox>
	</object>
</annotation>
