<annotation>
	<folder>VOC2007</folder>
	<filename>009572.jpg</filename>
	<source>
		<database>The VOC2007 Database</database>
		<annotation>PASCAL VOC2007</annotation>
		<image>flickr</image>
		<flickrid>296690172</flickrid>
	</source>
	<owner>
		<flickrid>Merlin KC</flickrid>
		<name>Hiatt Haake</name>
	</owner>
	<size>
		<width>500</width>
		<height>375</height>
		<depth>3</depth>
	</size>
	<segmented>0</segmented>
	<object>
		<name>dog</name>
		<pose>Rear</pose>
		<truncated>0</truncated>
		<difficult>0</difficult>
		<bndbox>
			<xmin>203</xmin>
			<ymin>79</ymin>
			<xmax>335</xmax>
			<ymax>259</ymax>
		</bndbox>
	</object>
</annotation>
