<annotation>
	<folder>VOC2007</folder>
	<filename>009599.jpg</filename>
	<source>
		<database>The VOC2007 Database</database>
		<annotation>PASCAL VOC2007</annotation>
		<image>flickr</image>
		<flickrid>332549712</flickrid>
	</source>
	<owner>
		<flickrid>Kimmolation</flickrid>
		<name>Kim W</name>
	</owner>
	<size>
		<width>400</width>
		<height>300</height>
		<depth>3</depth>
	</size>
	<segmented>0</segmented>
	<object>
		<name>car</name>
		<pose>Unspecified</pose>
		<truncated>1</truncated>
		<difficult>0</difficult>
		<bndbox>
			<xmin>100</xmin>
			<ymin>45</ymin>
			<xmax>400</xmax>
			<ymax>181</ymax>
		</bndbox>
	</object>
	<object>
		<name>person</name>
		<pose>Unspecified</pose>
		<truncated>1</truncated>
		<difficult>0</difficult>
		<bndbox>
			<xmin>2</xmin>
			<ymin>1</ymin>
			<xmax>133</xmax>
			<ymax>300</ymax>
		</bndbox>
		<part>
			<name>head</name>
			<bndbox>
				<xmin>31.414</xmin>
				<ymin>1</ymin>
				<xmax>93.2419</xmax>
				<ymax>68.5108</ymax>
			</bndbox>
		</part>
		<part>
			<name>hand</name>
			<bndbox>
				<xmin>143.7796</xmin>
				<ymin>93.7796</ymin>
				<xmax>179.8011</xmax>
				<ymax>124.4247</ymax>
			</bndbox>
		</part>
		<part>
			<name>hand</name>
			<bndbox>
				<xmin>34.6398</xmin>
				<ymin>283.0269</ymin>
				<xmax>70.1237</xmax>
				<ymax>300</ymax>
			</bndbox>
		</part>
	</object>
</annotation>
