<annotation>
	<folder>VOC2007</folder>
	<filename>009610.jpg</filename>
	<source>
		<database>The VOC2007 Database</database>
		<annotation>PASCAL VOC2007</annotation>
		<image>flickr</image>
		<flickrid>326374747</flickrid>
	</source>
	<owner>
		<flickrid>christianpma</flickrid>
		<name>Christian Medaas</name>
	</owner>
	<size>
		<width>375</width>
		<height>500</height>
		<depth>3</depth>
	</size>
	<segmented>0</segmented>
	<object>
		<name>person</name>
		<pose>Frontal</pose>
		<truncated>1</truncated>
		<difficult>0</difficult>
		<bndbox>
			<xmin>12</xmin>
			<ymin>30</ymin>
			<xmax>279</xmax>
			<ymax>497</ymax>
		</bndbox>
		<part>
			<name>head</name>
			<bndbox>
				<xmin>44.8731</xmin>
				<ymin>28.068</ymin>
				<xmax>155.9003</xmax>
				<ymax>167.0408</ymax>
			</bndbox>
		</part>
		<part>
			<name>hand</name>
			<bndbox>
				<xmin>23.7251</xmin>
				<ymin>160.9985</ymin>
				<xmax>90.1903</xmax>
				<ymax>263.7175</ymax>
			</bndbox>
		</part>
		<part>
			<name>hand</name>
			<bndbox>
				<xmin>199.7069</xmin>
				<ymin>457.8263</ymin>
				<xmax>241.2477</xmax>
				<ymax>500</ymax>
			</bndbox>
		</part>
	</object>
</annotation>
