<annotation>
	<folder>VOC2007</folder>
	<filename>009764.jpg</filename>
	<source>
		<database>The VOC2007 Database</database>
		<annotation>PASCAL VOC2007</annotation>
		<image>flickr</image>
		<flickrid>297096020</flickrid>
	</source>
	<owner>
		<flickrid>So Cal Metro</flickrid>
		<name>?</name>
	</owner>
	<size>
		<width>500</width>
		<height>375</height>
		<depth>3</depth>
	</size>
	<segmented>1</segmented>
	<object>
		<name>bus</name>
		<pose>Rear</pose>
		<truncated>1</truncated>
		<difficult>0</difficult>
		<bndbox>
			<xmin>242</xmin>
			<ymin>131</ymin>
			<xmax>482</xmax>
			<ymax>340</ymax>
		</bndbox>
	</object>
	<object>
		<name>bus</name>
		<pose>Rear</pose>
		<truncated>0</truncated>
		<difficult>0</difficult>
		<bndbox>
			<xmin>31</xmin>
			<ymin>86</ymin>
			<xmax>242</xmax>
			<ymax>352</ymax>
		</bndbox>
	</object>
</annotation>
