<annotation>
	<folder>VOC2007</folder>
	<filename>009765.jpg</filename>
	<source>
		<database>The VOC2007 Database</database>
		<annotation>PASCAL VOC2007</annotation>
		<image>flickr</image>
		<flickrid>338007767</flickrid>
	</source>
	<owner>
		<flickrid>chitin</flickrid>
		<name>Herbert Kwong</name>
	</owner>
	<size>
		<width>500</width>
		<height>375</height>
		<depth>3</depth>
	</size>
	<segmented>0</segmented>
	<object>
		<name>cat</name>
		<pose>Unspecified</pose>
		<truncated>0</truncated>
		<difficult>0</difficult>
		<bndbox>
			<xmin>111</xmin>
			<ymin>56</ymin>
			<xmax>338</xmax>
			<ymax>343</ymax>
		</bndbox>
	</object>
</annotation>
