<annotation>
	<folder>VOC2007</folder>
	<filename>009770.jpg</filename>
	<source>
		<database>The VOC2007 Database</database>
		<annotation>PASCAL VOC2007</annotation>
		<image>flickr</image>
		<flickrid>195571912</flickrid>
	</source>
	<owner>
		<flickrid>grittycitygirl</flickrid>
		<name>Teresa</name>
	</owner>
	<size>
		<width>500</width>
		<height>399</height>
		<depth>3</depth>
	</size>
	<segmented>0</segmented>
	<object>
		<name>car</name>
		<pose>Left</pose>
		<truncated>0</truncated>
		<difficult>0</difficult>
		<bndbox>
			<xmin>72</xmin>
			<ymin>274</ymin>
			<xmax>401</xmax>
			<ymax>373</ymax>
		</bndbox>
	</object>
</annotation>
