<annotation>
	<folder>VOC2007</folder>
	<filename>009759.jpg</filename>
	<source>
		<database>The VOC2007 Database</database>
		<annotation>PASCAL VOC2007</annotation>
		<image>flickr</image>
		<flickrid>323522871</flickrid>
	</source>
	<owner>
		<flickrid>worleyx</flickrid>
		<name>Phillip</name>
	</owner>
	<size>
		<width>500</width>
		<height>329</height>
		<depth>3</depth>
	</size>
	<segmented>1</segmented>
	<object>
		<name>bird</name>
		<pose>Unspecified</pose>
		<truncated>1</truncated>
		<difficult>0</difficult>
		<bndbox>
			<xmin>3</xmin>
			<ymin>3</ymin>
			<xmax>433</xmax>
			<ymax>328</ymax>
		</bndbox>
	</object>
</annotation>
