<annotation>
	<folder>VOC2007</folder>
	<filename>009837.jpg</filename>
	<source>
		<database>The VOC2007 Database</database>
		<annotation>PASCAL VOC2007</annotation>
		<image>flickr</image>
		<flickrid>310156971</flickrid>
	</source>
	<owner>
		<flickrid>jahdio</flickrid>
		<name>Peter</name>
	</owner>
	<size>
		<width>500</width>
		<height>375</height>
		<depth>3</depth>
	</size>
	<segmented>0</segmented>
	<object>
		<name>tvmonitor</name>
		<pose>Frontal</pose>
		<truncated>1</truncated>
		<difficult>0</difficult>
		<bndbox>
			<xmin>383</xmin>
			<ymin>3</ymin>
			<xmax>500</xmax>
			<ymax>76</ymax>
		</bndbox>
	</object>
</annotation>
