<annotation>
	<folder>VOC2007</folder>
	<filename>009956.jpg</filename>
	<source>
		<database>The VOC2007 Database</database>
		<annotation>PASCAL VOC2007</annotation>
		<image>flickr</image>
		<flickrid>316327866</flickrid>
	</source>
	<owner>
		<flickrid>oldbones</flickrid>
		<name>Lorraine</name>
	</owner>
	<size>
		<width>500</width>
		<height>375</height>
		<depth>3</depth>
	</size>
	<segmented>0</segmented>
	<object>
		<name>cat</name>
		<pose>Right</pose>
		<truncated>0</truncated>
		<difficult>0</difficult>
		<bndbox>
			<xmin>118</xmin>
			<ymin>21</ymin>
			<xmax>401</xmax>
			<ymax>300</ymax>
		</bndbox>
	</object>
</annotation>
